PassengerId,Survived,Pclass,Sex,Age,SibSp,Parch,Fare,Embarked
1,0,3,male,-0.5778632785250103,0.4327933656785018,-0.4736736092984604,-0.5024451714361923,S
2,1,1,female,0.6237725788970286,0.4327933656785018,-0.4736736092984604,0.7868452935884461,C
3,1,3,female,-0.27745431416950056,-0.47454519624983954,-0.4736736092984604,-0.4888542575852486,S
4,1,1,female,0.3984658556303963,0.4327933656785018,-0.4736736092984604,0.4207302360686478,S
5,0,3,male,0.3984658556303963,-0.47454519624983954,-0.4736736092984604,-0.4863374216869257,S
6,0,3,male,-0.27745431416950056,-0.47454519624983954,-0.4736736092984604,-0.47811642890864375,Q
7,0,1,male,1.8254084363190675,-0.47454519624983954,-0.4736736092984604,0.395813560675251,S
8,0,3,male,-2.079908100302559,2.2474704895351842,0.7676298785983874,-0.22408312108167944,S
9,1,3,female,-0.2023520730806231,-0.47454519624983954,2.0089333664952354,-0.4242561406845337,S
10,1,2,female,-1.1786812072360298,0.4327933656785018,-0.4736736092984604,-0.04295550208861426,C
11,1,3,female,-1.929703618124804,0.4327933656785018,0.7676298785983874,-0.312172377522981,S
12,1,1,female,2.125817400674577,-0.47454519624983954,-0.4736736092984604,-0.11384570873513637,S
13,0,3,male,-0.7280677607027651,-0.47454519624983954,-0.4736736092984604,-0.4863374216869257,S
14,0,3,male,0.6988748199859061,0.4327933656785018,5.73284383018578,-0.01870931177853076,S
15,0,3,female,-1.1786812072360298,-0.47454519624983954,-0.4736736092984604,-0.4902797934380587,S
16,1,2,female,1.900510677407945,-0.47454519624983954,-0.4736736092984604,-0.3262666585535892,S
17,0,3,male,-2.079908100302559,3.1548090514635256,0.7676298785983874,-0.06199888922968463,Q
18,1,2,male,0.007934201968233747,-0.47454519624983954,-0.4736736092984604,-0.3866707201133388,S
19,0,3,female,0.0980568912748866,0.4327933656785018,-0.4736736092984604,-0.2859972841804228,S
20,1,3,female,-0.15729072842729655,-0.47454519624983954,-0.4736736092984604,-0.5029485386158568,C
21,0,2,male,0.3984658556303963,-0.47454519624983954,-0.4736736092984604,-0.12491978668775715,S
22,1,2,male,0.3233636145415189,-0.47454519624983954,-0.4736736092984604,-0.3866707201133388,S
23,1,3,female,-1.1035789661471522,-0.47454519624983954,-0.4736736092984604,-0.4867562231804066,Q
24,1,1,male,-0.12724983199174567,-0.47454519624983954,-0.4736736092984604,0.06635974158478332,S
25,0,3,female,-1.6292946537692943,2.2474704895351842,0.7676298785983874,-0.22408312108167944,S
26,1,3,female,0.6237725788970286,0.4327933656785018,5.73284383018578,-0.016444159470040135,S
27,0,3,male,0.02295465018600918,-0.47454519624983954,-0.4736736092984604,-0.5029485386158568,C
28,0,1,male,-0.8031700017916426,2.2474704895351842,2.0089333664952354,4.647001076532463,S
29,1,3,female,0.02295465018600918,-0.47454519624983954,-0.4736736092984604,-0.48977642625839407,Q
30,0,3,male,0.02295465018600918,-0.47454519624983954,-0.4736736092984604,-0.4894421904510968,S
31,0,1,male,0.7739770610747835,-0.47454519624983954,-0.4736736092984604,-0.09027201697708476,C
32,1,1,female,0.7439361646392326,0.4327933656785018,-0.4736736092984604,2.301728820789,C
33,1,3,female,0.11307733949266204,-0.47454519624983954,-0.4736736092984604,-0.49237782784290063,Q
34,0,2,male,2.7266353293855965,-0.47454519624983954,-0.4736736092984604,-0.43700743807979686,S
35,0,1,male,-0.12724983199174567,0.4327933656785018,-0.4736736092984604,1.0060617003323709,C
36,0,1,male,0.9241815432525383,0.4327933656785018,-0.4736736092984604,0.39858208016340624,S
37,1,3,male,0.17315913236376404,-0.47454519624983954,-0.4736736092984604,-0.5028639729296732,C
38,0,3,male,-0.6529655196138877,-0.47454519624983954,-0.4736736092984604,-0.4863374216869257,S
39,0,3,female,-0.87827224288052,1.340131927606843,-0.4736736092984604,-0.2859972841804228,S
40,1,3,female,-1.1786812072360298,0.4327933656785018,-0.4736736092984604,-0.42207354059350805,C
41,0,3,female,0.7739770610747835,0.4327933656785018,-0.4736736092984604,-0.4576454924460446,S
42,0,2,female,-0.2023520730806231,0.4327933656785018,-0.4736736092984604,-0.22559322262067316,S
43,0,3,male,-0.5027610374361329,-0.47454519624983954,-0.4736736092984604,-0.4894421904510968,C
44,1,2,female,-2.0048058592136813,0.4327933656785018,2.0089333664952354,0.18876253192945994,C
45,1,3,female,-0.8031700017916426,-0.47454519624983954,-0.4736736092984604,-0.48977642625839407,Q
46,0,3,male,-0.5027610374361329,-0.47454519624983954,-0.4736736092984604,-0.4863374216869257,S
47,0,3,male,-0.7881495535738671,0.4327933656785018,-0.4736736092984604,-0.3363340021468808,Q
48,1,3,female,-0.5027610374361329,-0.47454519624983954,-0.4736736092984604,-0.49237782784290063,Q
49,0,3,male,-0.7731291053560917,1.340131927606843,-0.4736736092984604,-0.21191774308354583,C
50,0,3,female,-0.87827224288052,0.4327933656785018,-0.4736736092984604,-0.29002422161773944,S
51,0,3,male,-1.7043968948581716,3.1548090514635256,0.7676298785983874,0.1506737441786005,S
52,0,3,male,-0.6529655196138877,-0.47454519624983954,-0.4736736092984604,-0.4913710934835715,S
53,1,1,female,1.4498972308746803,0.4327933656785018,-0.4736736092984604,0.8964967865378598,C
54,1,2,female,-0.05214759090286825,0.4327933656785018,-0.4736736092984604,-0.12491978668775715,S
55,0,1,male,2.6515330882967194,-0.47454519624983954,0.7676298785983874,0.5995101505357573,C
56,1,1,male,-1.3889674822848865,-0.47454519624983954,-0.4736736092984604,0.06635974158478332,S
57,1,2,female,-0.6529655196138877,-0.47454519624983954,-0.4736736092984604,-0.43700743807979686,S
58,0,3,male,-0.08969871144730697,-0.47454519624983954,-0.4736736092984604,-0.5028639729296732,C
59,1,2,female,-1.8546013770359266,0.4327933656785018,2.0089333664952354,-0.08968408411123653,S
60,0,3,male,-1.403987930502662,4.0621476133918675,2.0089333664952354,0.2958951755118318,S
61,0,3,male,-0.5778632785250103,-0.47454519624983954,-0.4736736092984604,-0.5028639729296732,C
62,1,1,female,0.6237725788970286,-0.47454519624983954,-0.4736736092984604,0.962353321387736,S
63,0,1,male,1.1494882665191706,0.4327933656785018,-0.4736736092984604,1.0323213593611125,S
64,0,3,male,-1.929703618124804,2.2474704895351842,2.0089333664952354,-0.08666388103324908,S
65,0,1,male,-1.256336924521929,-0.47454519624983954,-0.4736736092984604,-0.09027201697708476,C
66,1,3,male,-0.24741341773394968,0.4327933656785018,0.7676298785983874,-0.3414522396297103,C
67,1,2,female,-0.05214759090286825,-0.47454519624983954,-0.4736736092984604,-0.43700743807979686,S
68,0,3,male,-0.8031700017916426,-0.47454519624983954,-0.4736736092984604,-0.4841568350646187,S
69,1,3,female,-0.9533744839693974,3.1548090514635256,2.0089333664952354,-0.4888542575852486,S
70,0,3,male,-0.27745431416950056,1.340131927606843,-0.4736736092984604,-0.47400492578514347,S
71,0,2,male,0.17315913236376404,-0.47454519624983954,-0.4736736092984604,-0.43700743807979686,S
72,0,3,female,-1.028476725058275,4.0621476133918675,2.0089333664952354,0.2958951755118318,S
73,0,2,male,-0.6529655196138877,-0.47454519624983954,-0.4736736092984604,0.8314778546749452,S
74,0,3,male,-0.27745431416950056,0.4327933656785018,-0.4736736092984604,-0.3573908580066095,C
75,1,3,male,0.17315913236376404,-0.47454519624983954,-0.4736736092984604,0.48910360681684706,S
76,0,3,male,-0.352556555258378,-0.47454519624983954,-0.4736736092984604,-0.494391296561559,S
77,0,3,male,-0.15729072842729655,-0.47454519624983954,-0.4736736092984604,-0.4894421904510968,S
78,0,3,male,-0.15729072842729655,-0.47454519624983954,-0.4736736092984604,-0.4863374216869257,S
79,1,2,male,-2.1677777223765458,-0.47454519624983954,2.0089333664952354,-0.06451572512800753,S
80,1,3,female,0.02295465018600918,-0.47454519624983954,-0.4736736092984604,-0.397241430886295,S
81,0,3,male,-0.5778632785250103,-0.47454519624983954,-0.4736736092984604,-0.46720946885967163,S
82,1,3,male,-0.05214759090286825,-0.47454519624983954,-0.4736736092984604,-0.45714212526638004,S
83,1,3,female,-0.38259745169392884,-0.47454519624983954,-0.4736736092984604,-0.49162277707340374,Q
84,0,1,male,-0.12724983199174567,-0.47454519624983954,-0.4736736092984604,0.29992211294914856,S
85,1,2,female,-0.9533744839693974,-0.47454519624983954,-0.4736736092984604,-0.43700743807979686,S
86,1,3,female,0.24826137345264146,2.2474704895351842,-0.4736736092984604,-0.32928686163157667,S
87,0,3,male,-1.028476725058275,0.4327933656785018,3.250236854392083,0.04370821849987721,S
88,0,3,male,-0.4426792445650308,-0.47454519624983954,-0.4736736092984604,-0.4863374216869257,S
89,1,1,female,-0.5027610374361329,2.2474704895351842,2.0089333664952354,4.647001076532463,S
90,0,3,male,-0.4276587963472554,-0.47454519624983954,-0.4736736092984604,-0.4863374216869257,S
91,0,3,male,-0.05214759090286825,-0.47454519624983954,-0.4736736092984604,-0.4863374216869257,S
92,0,3,male,-0.7280677607027651,-0.47454519624983954,-0.4736736092984604,-0.4902797934380587,S
93,0,1,male,1.224590507608048,0.4327933656785018,-0.4736736092984604,0.5833178351003071,S
94,0,3,male,-0.27745431416950056,0.4327933656785018,2.0089333664952354,-0.23415046467497105,S
95,0,3,male,2.2009196417634547,-0.47454519624983954,-0.4736736092984604,-0.5024451714361923,S
96,0,3,male,0.17315913236376404,-0.47454519624983954,-0.4736736092984604,-0.4863374216869257,S
97,0,1,male,3.1021465348299837,-0.47454519624983954,-0.4736736092984604,0.0493298231623713,C
98,1,1,male,-0.5027610374361329,-0.47454519624983954,0.7676298785983874,0.6272778976347743,C
99,1,2,female,0.3233636145415189,-0.47454519624983954,0.7676298785983874,-0.18532384824750675,S
100,0,2,male,0.3233636145415189,0.4327933656785018,-0.4736736092984604,-0.12491978668775715,S
101,0,3,female,-0.12724983199174567,-0.47454519624983954,-0.4736736092984604,-0.4894421904510968,S
102,0,3,male,-0.022106694467317386,-0.47454519624983954,-0.4736736092984604,-0.4894421904510968,S
103,0,1,male,-0.6529655196138877,-0.47454519624983954,0.7676298785983874,0.907737982394129,S
104,0,3,male,0.24826137345264146,-0.47454519624983954,-0.4736736092984604,-0.4741720436887921,S
105,0,3,male,0.5486703378081512,1.340131927606843,-0.4736736092984604,-0.4888542575852486,S
106,0,3,male,-0.12724983199174567,-0.47454519624983954,-0.4736736092984604,-0.4894421904510968,S
107,1,3,female,-0.6529655196138877,-0.47454519624983954,-0.4736736092984604,-0.494391296561559,S
108,1,3,male,0.12809778771043748,-0.47454519624983954,-0.4736736092984604,-0.4918744606632361,S
109,0,3,male,0.6237725788970286,-0.47454519624983954,-0.4736736092984604,-0.4894421904510968,S
110,1,3,female,-0.29998498649616384,0.4327933656785018,-0.4736736092984604,-0.1621689579829361,Q
111,0,1,male,1.2996927486969254,-0.47454519624983954,-0.4736736092984604,0.39858208016340624,S
112,0,3,female,-1.141130086691591,0.4327933656785018,-0.4736736092984604,-0.3573908580066095,C
113,0,3,male,-0.5778632785250103,-0.47454519624983954,-0.4736736092984604,-0.4863374216869257,S
114,0,3,female,-0.7280677607027651,0.4327933656785018,-0.4736736092984604,-0.4505983519307405,S
115,0,3,female,-0.9533744839693974,-0.47454519624983954,-0.4736736092984604,-0.3573083057891445,C
116,0,3,male,-0.6529655196138877,-0.47454519624983954,-0.4736736092984604,-0.4888542575852486,S
117,0,3,male,3.064595414285545,-0.47454519624983954,-0.4736736092984604,-0.49237782784290063,Q
118,0,2,male,-0.05214759090286825,0.4327933656785018,-0.4736736092984604,-0.22559322262067316,S
119,0,1,male,-0.4276587963472554,-0.47454519624983954,0.7676298785983874,4.335332226633905,C
120,0,3,female,-2.079908100302559,3.1548090514635256,2.0089333664952354,-0.01870931177853076,S
121,0,2,male,-0.6529655196138877,1.340131927606843,-0.4736736092984604,0.8314778546749452,S
122,0,3,male,0.17315913236376404,-0.47454519624983954,-0.4736736092984604,-0.4863374216869257,S
123,0,2,male,0.21071025290820275,0.4327933656785018,-0.4736736092984604,-0.04295550208861426,C
124,1,2,female,0.21071025290820275,-0.47454519624983954,-0.4736736092984604,-0.3866707201133388,S
125,0,1,male,1.8254084363190675,-0.47454519624983954,0.7676298785983874,0.907737982394129,S
126,1,3,male,-1.3288856894137846,0.4327933656785018,-0.4736736092984604,-0.42207354059350805,C
127,0,3,male,-0.21737252129839854,-0.47454519624983954,-0.4736736092984604,-0.49237782784290063,Q
128,1,3,male,-0.4276587963472554,-0.47454519624983954,-0.4736736092984604,-0.5046257580584992,S
129,1,3,female,0.03046487429489703,0.4327933656785018,0.7676298785983874,-0.19824427701513722,C
130,0,3,male,1.1494882665191706,-0.47454519624983954,-0.4736736092984604,-0.5079822104125026,S
131,0,3,male,0.24826137345264146,-0.47454519624983954,-0.4736736092984604,-0.4894421904510968,C
132,0,3,male,-0.7280677607027651,-0.47454519624983954,-0.4736736092984604,-0.5064721088735089,S
133,0,3,female,1.2996927486969254,0.4327933656785018,-0.4736736092984604,-0.35646868933346404,S
134,1,2,female,-0.05214759090286825,0.4327933656785018,-0.4736736092984604,-0.12491978668775715,S
135,0,2,male,-0.352556555258378,-0.47454519624983954,-0.4736736092984604,-0.3866707201133388,S
136,0,2,male,-0.5027610374361329,-0.47454519624983954,-0.4736736092984604,-0.3454791770670269,C
137,1,1,female,-0.8031700017916426,-0.47454519624983954,2.0089333664952354,-0.11921562980779811,S
138,0,1,male,0.5486703378081512,0.4327933656785018,-0.4736736092984604,0.4207302360686478,S
139,0,3,male,-1.028476725058275,-0.47454519624983954,-0.4736736092984604,-0.4628462821463391,S
140,0,1,male,-0.4276587963472554,-0.47454519624983954,-0.4736736092984604,0.9462455716384695,C
141,0,3,female,-0.6379450713961122,-0.47454519624983954,2.0089333664952354,-0.3414522396297103,C
142,1,3,female,-0.5778632785250103,-0.47454519624983954,-0.4736736092984604,-0.49237782784290063,S
143,1,3,female,-0.4276587963472554,0.4327933656785018,-0.4736736092984604,-0.32928686163157667,S
144,0,3,male,-0.8031700017916426,-0.47454519624983954,-0.4736736092984604,-0.5125125150294839,Q
145,0,2,male,-0.87827224288052,-0.47454519624983954,-0.4736736092984604,-0.41687275089321363,S
146,0,2,male,-0.8031700017916426,0.4327933656785018,0.7676298785983874,0.09152810056801232,S
147,1,3,male,-0.2023520730806231,-0.47454519624983954,-0.4736736092984604,-0.49145565916975514,S
148,0,3,female,-1.5541924126804167,1.340131927606843,2.0089333664952354,0.04370821849987721,S
149,0,2,male,0.5111192172637125,-0.47454519624983954,2.0089333664952354,-0.12491978668775715,S
150,0,2,male,0.9241815432525383,-0.47454519624983954,-0.4736736092984604,-0.3866707201133388,S
151,0,2,male,1.600101713052435,-0.47454519624983954,-0.4736736092984604,-0.39623469652696586,S
152,1,1,female,-0.5778632785250103,0.4327933656785018,-0.4736736092984604,0.6925485130875209,S
153,0,3,male,1.9380617979523835,-0.47454519624983954,-0.4736736092984604,-0.4863374216869257,S
154,0,3,male,0.8115281816192221,-0.47454519624983954,2.0089333664952354,-0.35646868933346404,S
155,0,3,male,0.6688339235503552,-0.47454519624983954,-0.4736736092984604,-0.5011867534870308,S
156,0,1,male,1.600101713052435,-0.47454519624983954,0.7676298785983874,0.5874293382238074,C
157,1,3,female,-1.028476725058275,-0.47454519624983954,-0.4736736092984604,-0.49271407711891657,Q
158,0,3,male,0.02295465018600918,-0.47454519624983954,-0.4736736092984604,-0.4863374216869257,S
159,0,3,male,-0.0596578150117561,-0.47454519624983954,-0.4736736092984604,-0.47400492578514347,S
160,0,3,male,0.2032000287993149,6.784163299176891,2.0089333664952354,0.7519458402879414,S
161,0,3,male,1.0743860254302933,-0.47454519624983954,0.7676298785983874,-0.32425318983493084,S
162,1,2,female,0.7739770610747835,-0.47454519624983954,-0.4736736092984604,-0.331300330350235,S
163,0,3,male,-0.27745431416950056,-0.47454519624983954,-0.4736736092984604,-0.4918744606632361,S
164,0,3,male,-0.9533744839693974,-0.47454519624983954,-0.4736736092984604,-0.47400492578514347,S
165,0,3,male,-2.1550103413914363,3.1548090514635256,0.7676298785983874,0.1506737441786005,S
166,1,3,male,-1.5541924126804167,-0.47454519624983954,2.0089333664952354,-0.2351571990343002,S
167,1,1,female,0.2182204770170906,-0.47454519624983954,0.7676298785983874,0.4589861417231558,S
168,0,3,female,1.1494882665191706,0.4327933656785018,4.491540342288931,-0.08666388103324908,S
169,0,1,male,0.3984658556303963,-0.47454519624983954,-0.4736736092984604,-0.12642988822675086,S
170,0,3,male,-0.12724983199174567,-0.47454519624983954,-0.4736736092984604,0.48910360681684706,S
171,0,1,male,2.3511241239412093,-0.47454519624983954,-0.4736736092984604,0.026090367211616904,S
172,0,3,male,-1.929703618124804,3.1548090514635256,0.7676298785983874,-0.06199888922968463,Q
173,1,3,female,-2.1550103413914363,0.4327933656785018,0.7676298785983874,-0.4242561406845337,S
174,0,3,male,-0.6529655196138877,-0.47454519624983954,-0.4736736092984604,-0.4888542575852486,S
175,0,1,male,1.9756129184968223,-0.47454519624983954,-0.4736736092984604,-0.030371322596999754,C
176,0,3,male,-0.87827224288052,0.4327933656785018,0.7676298785983874,-0.4902797934380587,S
177,0,3,male,-0.38259745169392884,2.2474704895351842,0.7676298785983874,-0.13565761536436197,S
178,0,1,female,1.5249994719635578,-0.47454519624983954,-0.4736736092984604,-0.07030444769415023,C
179,0,2,male,0.02295465018600918,-0.47454519624983954,-0.4736736092984604,-0.3866707201133388,S
180,0,3,male,0.47356809671927375,-0.47454519624983954,-0.4736736092984604,-0.6484216535389205,S
181,0,3,female,-0.6830064160494386,6.784163299176891,2.0089333664952354,0.7519458402879414,S
182,0,2,male,-0.3675770034761534,-0.47454519624983954,-0.4736736092984604,-0.34539461138084326,C
183,0,3,male,-1.5541924126804167,3.1548090514635256,2.0089333664952354,-0.016444159470040135,S
184,1,2,male,-2.1550103413914363,1.340131927606843,0.7676298785983874,0.13683114673782454,S
185,1,3,female,-1.929703618124804,-0.47454519624983954,2.0089333664952354,-0.20495516825442542,S
186,0,1,male,0.0980568912748866,-0.47454519624983954,-0.4736736092984604,0.3583127057902398,S
187,1,3,female,-0.26243386595172513,0.4327933656785018,-0.4736736092984604,-0.3363340021468808,Q
188,1,1,male,1.1494882665191706,-0.47454519624983954,-0.4736736092984604,-0.11384570873513637,S
189,0,3,male,0.7739770610747835,0.4327933656785018,0.7676298785983874,-0.3363340021468808,Q
190,0,3,male,0.47356809671927375,-0.47454519624983954,-0.4736736092984604,-0.4894421904510968,S
191,1,2,female,0.17315913236376404,-0.47454519624983954,-0.4736736092984604,-0.3866707201133388,S
192,0,2,male,-0.8031700017916426,-0.47454519624983954,-0.4736736092984604,-0.3866707201133388,S
193,1,3,female,-0.8031700017916426,0.4327933656785018,-0.4736736092984604,-0.4902797934380587,S
194,1,2,male,-2.0048058592136813,0.4327933656785018,0.7676298785983874,-0.12491978668775715,S
195,1,1,female,1.0743860254302933,-0.47454519624983954,-0.4736736092984604,-0.09027201697708476,C
196,1,1,female,2.125817400674577,-0.47454519624983954,-0.4736736092984604,2.301728820789,C
197,0,3,male,-0.022106694467317386,-0.47454519624983954,-0.4736736092984604,-0.49237782784290063,Q
198,0,3,male,0.9241815432525383,-0.47454519624983954,0.7676298785983874,-0.47920571548543794,S
199,1,3,female,0.3759351833037333,-0.47454519624983954,-0.4736736092984604,-0.49237782784290063,Q
200,0,2,female,-0.4276587963472554,-0.47454519624983954,-0.4736736092984604,-0.3866707201133388,S
201,0,3,male,-0.12724983199174567,-0.47454519624983954,-0.4736736092984604,-0.45714212526638004,S
202,0,3,male,-0.21737252129839854,6.784163299176891,2.0089333664952354,0.7519458402879414,S
203,0,3,male,0.3233636145415189,-0.47454519624983954,-0.4736736092984604,-0.5176307525123133,S
204,0,3,male,1.1870393870636093,-0.47454519624983954,-0.4736736092984604,-0.5029485386158568,C
205,1,3,male,-0.87827224288052,-0.47454519624983954,-0.4736736092984604,-0.4863374216869257,S
206,0,3,female,-2.079908100302559,-0.47454519624983954,0.7676298785983874,-0.43776248884929375,S
207,0,3,male,0.17315913236376404,0.4327933656785018,-0.4736736092984604,-0.32928686163157667,S
208,1,3,male,-0.27745431416950056,-0.47454519624983954,-0.4736736092984604,-0.2701412180209885,C
209,1,3,female,-1.028476725058275,-0.47454519624983954,-0.4736736092984604,-0.49237782784290063,Q
210,1,1,male,0.7739770610747835,-0.47454519624983954,-0.4736736092984604,-0.024246350754841113,C
211,0,3,male,-0.4276587963472554,-0.47454519624983954,-0.4736736092984604,-0.5064721088735089,S
212,1,2,female,0.3984658556303963,-0.47454519624983954,-0.4736736092984604,-0.22559322262067316,S
213,0,3,male,-0.5778632785250103,-0.47454519624983954,-0.4736736092984604,-0.5024451714361923,S
214,0,2,male,0.02295465018600918,-0.47454519624983954,-0.4736736092984604,-0.3866707201133388,S
215,0,3,male,-0.23239296951617397,0.4327933656785018,-0.4736736092984604,-0.49237782784290063,Q
216,1,1,female,0.0980568912748866,0.4327933656785018,-0.4736736092984604,1.6323350375212924,C
217,1,3,female,-0.2023520730806231,-0.47454519624983954,-0.4736736092984604,-0.4888542575852486,S
218,0,2,male,0.9241815432525383,0.4327933656785018,-0.4736736092984604,-0.10478509950117394,S
219,1,1,female,0.17315913236376404,-0.47454519624983954,-0.4736736092984604,0.8876878608937296,C
220,0,2,male,0.02295465018600918,-0.47454519624983954,-0.4736736092984604,-0.43700743807979686,S
221,1,3,male,-1.028476725058275,-0.47454519624983954,-0.4736736092984604,-0.4863374216869257,S
222,0,2,male,-0.2023520730806231,-0.47454519624983954,-0.4736736092984604,-0.3866707201133388,S
223,0,3,male,1.600101713052435,-0.47454519624983954,-0.4736736092984604,-0.4863374216869257,S
224,0,3,male,-0.29998498649616384,-0.47454519624983954,-0.4736736092984604,-0.4894421904510968,S
225,1,1,male,0.6237725788970286,0.4327933656785018,-0.4736736092984604,1.163700193253568,S
226,0,3,male,-0.5778632785250103,-0.47454519624983954,-0.4736736092984604,-0.4601623283443675,S
227,1,2,male,-0.8031700017916426,-0.47454519624983954,-0.4736736092984604,-0.43700743807979686,S
228,0,3,male,-0.6905166401583264,-0.47454519624983954,-0.4736736092984604,-0.5024451714361923,S
229,0,2,male,-0.87827224288052,-0.47454519624983954,-0.4736736092984604,-0.3866707201133388,S
230,0,3,female,0.14311823592821318,2.2474704895351842,0.7676298785983874,-0.13565761536436197,S
231,1,1,female,0.3984658556303963,0.4327933656785018,-0.4736736092984604,1.0323213593611125,S
232,0,3,male,-0.05214759090286825,-0.47454519624983954,-0.4736736092984604,-0.4918744606632361,S
233,0,2,male,2.2009196417634547,-0.47454519624983954,-0.4736736092984604,-0.3766033765200472,S
234,1,3,female,-1.8546013770359266,3.1548090514635256,2.0089333664952354,-0.016444159470040135,S
235,0,2,male,-0.4276587963472554,-0.47454519624983954,-0.4736736092984604,-0.43700743807979686,S
236,0,3,female,0.23324092523486575,-0.47454519624983954,-0.4736736092984604,-0.49640476528021726,S
237,0,2,male,1.0743860254302933,0.4327933656785018,-0.4736736092984604,-0.12491978668775715,S
238,1,2,female,-1.6292946537692943,-0.47454519624983954,2.0089333664952354,-0.11988611489111134,S
239,0,2,male,-0.8031700017916426,-0.47454519624983954,-0.4736736092984604,-0.43700743807979686,S
240,0,2,male,0.24826137345264146,-0.47454519624983954,-0.4736736092984604,-0.4012683683236117,S
241,0,3,female,-0.292474762387276,0.4327933656785018,-0.4736736092984604,-0.3573908580066095,C
242,1,3,female,-0.3225156588228271,0.4327933656785018,-0.4736736092984604,-0.3363340021468808,Q
243,0,2,male,-0.05214759090286825,-0.47454519624983954,-0.4736736092984604,-0.43700743807979686,S
244,0,3,male,-0.5778632785250103,-0.47454519624983954,-0.4736736092984604,-0.5049620073345151,S
245,0,3,male,0.02295465018600918,-0.47454519624983954,-0.4736736092984604,-0.5029485386158568,C
246,0,1,male,1.0743860254302933,1.340131927606843,-0.4736736092984604,1.163700193253568,Q
247,0,3,female,-0.352556555258378,-0.47454519624983954,-0.4736736092984604,-0.4918744606632361,S
248,1,2,female,-0.4276587963472554,-0.47454519624983954,2.0089333664952354,-0.35646868933346404,S
249,1,1,male,0.5486703378081512,0.4327933656785018,0.7676298785983874,0.40974072380221066,S
250,0,2,male,1.8254084363190675,0.4327933656785018,-0.4736736092984604,-0.12491978668775715,S
251,0,3,male,-0.27745431416950056,-0.47454519624983954,-0.4736736092984604,-0.5024451714361923,S
252,0,3,female,-0.05214759090286825,0.4327933656785018,0.7676298785983874,-0.43776248884929375,S
253,0,1,male,2.426226365030087,-0.47454519624983954,-0.4736736092984604,-0.11384570873513637,S
254,0,3,male,0.02295465018600918,0.4327933656785018,-0.4736736092984604,-0.32425318983493084,S
255,0,3,female,0.8490793021636609,-0.47454519624983954,2.0089333664952354,-0.2414492887801075,S
256,1,3,female,-0.05214759090286825,-0.47454519624983954,2.0089333664952354,-0.3414522396297103,C
257,1,1,female,1.134467818301395,-0.47454519624983954,-0.4736736092984604,0.9462455716384695,C
258,1,1,female,0.02295465018600918,-0.47454519624983954,-0.4736736092984604,1.093228788100527,S
259,1,1,female,0.3984658556303963,-0.47454519624983954,-0.4736736092984604,9.667166525013505,C
260,1,2,female,1.5249994719635578,-0.47454519624983954,0.7676298785983874,-0.12491978668775715,S
261,0,3,male,0.1581386841459886,-0.47454519624983954,-0.4736736092984604,-0.49237782784290063,Q
262,1,3,male,-2.0048058592136813,3.1548090514635256,2.0089333664952354,-0.016444159470040135,S
263,0,1,male,1.6752039541413126,0.4327933656785018,0.7676298785983874,0.955306180872432,S
264,0,1,male,0.7739770610747835,-0.47454519624983954,-0.4736736092984604,-0.6484216535389205,S
265,0,3,female,0.0980568912748866,-0.47454519624983954,-0.4736736092984604,-0.49237782784290063,Q
266,0,2,male,0.47356809671927375,-0.47454519624983954,-0.4736736092984604,-0.43700743807979686,S
267,0,3,male,-1.028476725058275,3.1548090514635256,0.7676298785983874,0.1506737441786005,S
268,1,3,male,-0.352556555258378,0.4327933656785018,-0.4736736092984604,-0.4918744606632361,S
269,1,1,female,2.125817400674577,-0.47454519624983954,0.7676298785983874,2.441497778832105,S
270,1,1,female,0.3984658556303963,-0.47454519624983954,-0.4736736092984604,2.0825124140450755,S
271,0,1,male,-0.6679859678316631,-0.47454519624983954,-0.4736736092984604,-0.024246350754841113,S
272,1,3,male,-0.352556555258378,-0.47454519624983954,-0.4736736092984604,-0.6484216535389205,S
273,1,2,female,0.8490793021636609,-0.47454519624983954,0.7676298785983874,-0.255795253400548,S
274,0,1,male,0.5486703378081512,-0.47454519624983954,0.7676298785983874,-0.05042144409739929,C
275,1,3,female,0.45854764850149804,-0.47454519624983954,-0.4736736092984604,-0.49237782784290063,Q
276,1,1,female,2.5013286061189643,0.4327933656785018,-0.4736736092984604,0.921244330558889,S
277,0,3,female,1.1494882665191706,-0.47454519624983954,-0.4736736092984604,-0.49237782784290063,S
278,0,2,male,0.5036089931548247,-0.47454519624983954,-0.4736736092984604,-0.6484216535389205,S
279,0,3,male,-1.7043968948581716,3.1548090514635256,0.7676298785983874,-0.06199888922968463,Q
280,1,3,female,0.3984658556303963,0.4327933656785018,0.7676298785983874,-0.24069423801061057,S
281,0,3,male,2.6515330882967194,-0.47454519624983954,-0.4736736092984604,-0.49237782784290063,Q
282,0,3,male,-0.12724983199174567,-0.47454519624983954,-0.4736736092984604,-0.4902797934380587,S
283,0,3,male,-1.028476725058275,-0.47454519624983954,-0.4736736092984604,-0.45714212526638004,S
284,1,3,male,-0.8031700017916426,-0.47454519624983954,-0.4736736092984604,-0.4863374216869257,S
285,0,1,male,0.2032000287993149,-0.47454519624983954,-0.4736736092984604,-0.12491978668775715,S
286,0,3,male,0.24826137345264146,-0.47454519624983954,-0.4736736092984604,-0.47400492578514347,C
287,1,3,male,0.02295465018600918,-0.47454519624983954,-0.4736736092984604,-0.45714212526638004,S
288,0,3,male,-0.5778632785250103,-0.47454519624983954,-0.4736736092984604,-0.4894421904510968,S
289,1,2,male,0.9241815432525383,-0.47454519624983954,-0.4736736092984604,-0.3866707201133388,S
290,1,3,female,-0.5778632785250103,-0.47454519624983954,-0.4736736092984604,-0.49237782784290063,Q
291,1,1,female,-0.27745431416950056,-0.47454519624983954,-0.4736736092984604,0.9391984311231651,S
292,1,1,female,-0.8031700017916426,0.4327933656785018,-0.4736736092984604,1.1854295476653287,C
293,0,2,male,0.47356809671927375,-0.47454519624983954,-0.4736736092984604,-0.3891875560116617,C
294,0,3,female,-0.4276587963472554,-0.47454519624983954,-0.4736736092984604,-0.4702296719376591,S
295,0,3,male,-0.4276587963472554,-0.47454519624983954,-0.4736736092984604,-0.4894421904510968,S
296,0,1,male,-0.11222938377397025,-0.47454519624983954,-0.4736736092984604,-0.09027201697708476,C
297,0,3,male,-0.4652099168916941,-0.47454519624983954,-0.4736736092984604,-0.5028639729296732,C
298,0,1,female,-2.079908100302559,0.4327933656785018,2.0089333664952354,2.4029901895877646,S
299,1,1,male,0.1581386841459886,-0.47454519624983954,-0.4736736092984604,-0.034313694348132716,S
300,1,1,female,1.5249994719635578,-0.47454519624983954,0.7676298785983874,4.335332226633905,C
301,1,3,female,-0.3300258829317147,-0.47454519624983954,-0.4736736092984604,-0.49237782784290063,Q
302,1,3,male,0.1581386841459886,1.340131927606843,-0.4736736092984604,-0.18029017645086096,Q
303,0,3,male,-0.8031700017916426,-0.47454519624983954,-0.4736736092984604,-0.6484216535389205,S
304,1,2,female,-0.19484184897173526,-0.47454519624983954,-0.4736736092984604,-0.3997582667846179,Q
305,0,3,male,-0.4501894686739187,-0.47454519624983954,-0.4736736092984604,-0.4863374216869257,S
306,1,1,male,-2.1610185206785464,0.4327933656785018,2.0089333664952354,2.4029901895877646,S
307,1,1,female,-0.18733162486284768,-0.47454519624983954,-0.4736736092984604,1.5841789061771412,C
308,1,1,female,-0.9533744839693974,0.4327933656785018,-0.4736736092984604,1.5442457810799908,C
309,0,2,male,0.02295465018600918,0.4327933656785018,-0.4736736092984604,-0.16518916106092355,C
310,1,1,female,0.02295465018600918,-0.47454519624983954,-0.4736736092984604,0.49782998024351216,C
311,1,1,female,-0.4276587963472554,-0.47454519624983954,-0.4736736092984604,1.0259447039291216,C
312,1,1,female,-0.87827224288052,1.340131927606843,2.0089333664952354,4.634416897040849,C
313,0,2,female,-0.27745431416950056,0.4327933656785018,0.7676298785983874,-0.12491978668775715,S
314,0,3,male,-0.12724983199174567,-0.47454519624983954,-0.4736736092984604,-0.4894421904510968,S
315,0,2,male,0.9992837843414157,0.4327933656785018,0.7676298785983874,-0.11988611489111134,S
316,1,3,female,-0.27745431416950056,-0.47454519624983954,-0.4736736092984604,-0.4902797934380587,S
317,1,2,female,-0.4276587963472554,0.4327933656785018,-0.4736736092984604,-0.12491978668775715,S
318,0,2,male,1.8254084363190675,-0.47454519624983954,-0.4736736092984604,-0.36653603292675563,S
319,1,1,female,0.0980568912748866,-0.47454519624983954,2.0089333664952354,2.671117778445337,S
320,1,1,female,0.7739770610747835,0.4327933656785018,0.7676298785983874,2.059693773056521,C
321,0,3,male,-0.5778632785250103,-0.47454519624983954,-0.4736736092984604,-0.5024451714361923,S
322,0,3,male,-0.2023520730806231,-0.47454519624983954,-0.4736736092984604,-0.4894421904510968,S
323,1,2,female,0.02295465018600918,-0.47454519624983954,-0.4736736092984604,-0.3997582667846179,Q
324,1,2,female,-0.5778632785250103,0.4327933656785018,0.7676298785983874,-0.06451572512800753,S
325,0,3,male,-0.41263834812947997,6.784163299176891,2.0089333664952354,0.7519458402879414,S
326,1,1,female,0.47356809671927375,-0.47454519624983954,-0.4736736092984604,2.0825124140450755,C
327,0,3,male,2.3511241239412093,-0.47454519624983954,-0.4736736092984604,-0.5228315422126077,S
328,1,2,female,0.47356809671927375,-0.47454519624983954,-0.4736736092984604,-0.3866707201133388,S
329,1,3,female,0.0980568912748866,0.4327933656785018,0.7676298785983874,-0.2351571990343002,S
330,1,1,female,-1.028476725058275,-0.47454519624983954,0.7676298785983874,0.5189714017894245,C
331,1,3,female,-0.48023036510946954,1.340131927606843,-0.4736736092984604,-0.18029017645086096,Q
332,0,1,male,1.1870393870636093,-0.47454519624983954,-0.4736736092984604,-0.07458306872129913,S
333,0,1,male,0.6237725788970286,-0.47454519624983954,0.7676298785983874,2.441497778832105,S
334,0,3,male,-1.028476725058275,1.340131927606843,-0.4736736092984604,-0.2859972841804228,S
335,1,1,female,0.11187570363523987,0.4327933656785018,-0.4736736092984604,2.042579288947925,S
336,0,3,male,0.6988748199859061,-0.47454519624983954,-0.4736736092984604,-0.4894421904510968,S
337,0,1,male,-0.05214759090286825,0.4327933656785018,-0.4736736092984604,0.6925485130875209,S
338,1,1,female,0.8490793021636609,-0.47454519624983954,-0.4736736092984604,2.059693773056521,C
339,1,3,male,1.1494882665191706,-0.47454519624983954,-0.4736736092984604,-0.4863374216869257,S
340,0,1,male,1.1494882665191706,-0.47454519624983954,-0.4736736092984604,0.06635974158478332,S
341,1,2,male,-2.079908100302559,0.4327933656785018,0.7676298785983874,-0.12491978668775715,S
342,1,1,female,-0.4276587963472554,2.2474704895351842,2.0089333664952354,4.647001076532463,S
343,0,2,male,-0.12724983199174567,-0.47454519624983954,-0.4736736092984604,-0.3866707201133388,S
344,0,2,male,-0.352556555258378,-0.47454519624983954,-0.4736736092984604,-0.3866707201133388,S
345,0,2,male,0.47356809671927375,-0.47454519624983954,-0.4736736092984604,-0.3866707201133388,S
346,1,2,female,-0.4276587963472554,-0.47454519624983954,-0.4736736092984604,-0.3866707201133388,S
347,1,2,female,0.7739770610747835,-0.47454519624983954,-0.4736736092984604,-0.3866707201133388,S
348,1,3,female,-0.3074952106050514,0.4327933656785018,-0.4736736092984604,-0.32425318983493084,S
349,1,3,male,-2.0048058592136813,0.4327933656785018,0.7676298785983874,-0.32828012727224753,S
350,0,3,male,0.9241815432525383,-0.47454519624983954,-0.4736736092984604,-0.47400492578514347,S
351,0,3,male,-0.5027610374361329,-0.47454519624983954,-0.4736736092984604,-0.4626791642426904,S
352,0,1,male,-0.11222938377397025,-0.47454519624983954,-0.4736736092984604,0.05629239799149171,S
353,0,3,male,-1.1035789661471522,0.4327933656785018,0.7676298785983874,-0.5028639729296732,C
354,0,3,male,-0.352556555258378,0.4327933656785018,-0.4736736092984604,-0.29002422161773944,S
355,0,3,male,-0.03712714268509282,-0.47454519624983954,-0.4736736092984604,-0.5029485386158568,C
356,0,3,male,-0.12724983199174567,-0.47454519624983954,-0.4736736092984604,-0.45714212526638004,S
357,1,1,female,-0.5778632785250103,-0.47454519624983954,0.7676298785983874,0.4589861417231558,S
358,0,2,female,0.6237725788970286,-0.47454519624983954,-0.4736736092984604,-0.3866707201133388,S
359,1,3,female,-0.03712714268509282,-0.47454519624983954,-0.4736736092984604,-0.48977642625839407,Q
360,1,3,female,-0.03712714268509282,-0.47454519624983954,-0.4736736092984604,-0.48977642625839407,Q
361,0,3,male,0.7739770610747835,0.4327933656785018,4.491540342288931,-0.08666388103324908,S
362,0,2,male,-0.05214759090286825,0.4327933656785018,-0.4736736092984604,-0.09027201697708476,C
363,0,3,female,1.1494882665191706,-0.47454519624983954,0.7676298785983874,-0.3573908580066095,C
364,0,3,male,0.3984658556303963,-0.47454519624983954,-0.4736736092984604,-0.5064721088735089,S
365,0,3,male,0.41348630384817203,0.4327933656785018,-0.4736736092984604,-0.3363340021468808,Q
366,0,3,male,0.02295465018600918,-0.47454519624983954,-0.4736736092984604,-0.5024451714361923,S
367,1,1,female,2.276021882852332,0.4327933656785018,-0.4736736092984604,0.8667135572514657,C
368,1,3,female,-0.022106694467317386,-0.47454519624983954,-0.4736736092984604,-0.5028639729296732,C
369,1,3,female,-0.3675770034761534,-0.47454519624983954,-0.4736736092984604,-0.49237782784290063,Q
370,1,1,female,-0.4276587963472554,-0.47454519624983954,-0.4736736092984604,0.7469121684912956,C
371,1,1,male,-0.352556555258378,0.4327933656785018,-0.4736736092984604,0.4678796330534696,C
372,0,3,male,-0.87827224288052,0.4327933656785018,-0.4736736092984604,-0.5176307525123133,S
373,0,3,male,-0.8031700017916426,-0.47454519624983954,-0.4736736092984604,-0.4863374216869257,S
374,0,1,male,-0.5778632785250103,-0.47454519624983954,-0.4736736092984604,2.0825124140450755,C
375,0,3,female,-2.0048058592136813,2.2474704895351842,0.7676298785983874,-0.22408312108167944,S
376,1,1,female,0.2032000287993149,0.4327933656785018,-0.4736736092984604,1.0060617003323709,C
377,1,3,female,-0.5778632785250103,-0.47454519624983954,-0.4736736092984604,-0.5024451714361923,S
378,0,1,male,-0.2023520730806231,-0.47454519624983954,2.0089333664952354,3.610064686423428,C
379,0,3,male,-0.7280677607027651,-0.47454519624983954,-0.4736736092984604,-0.5676312212027554,C
380,0,3,male,-0.8031700017916426,-0.47454519624983954,-0.4736736092984604,-0.4918744606632361,S
381,1,1,female,0.9241815432525383,-0.47454519624983954,-0.4736736092984604,3.9327230485884233,C
382,1,3,female,-2.1550103413914363,-0.47454519624983954,2.0089333664952354,-0.33146744825388363,C
383,0,3,male,0.17315913236376404,-0.47454519624983954,-0.4736736092984604,-0.4888542575852486,S
384,1,1,female,0.3984658556303963,0.4327933656785018,-0.4736736092984604,0.39858208016340624,S
385,0,3,male,-0.352556555258378,-0.47454519624983954,-0.4736736092984604,-0.4894421904510968,S
386,0,2,male,-0.87827224288052,-0.47454519624983954,-0.4736736092984604,0.8314778546749452,S
387,0,3,male,-2.1550103413914363,4.0621476133918675,2.0089333664952354,0.2958951755118318,S
388,1,2,female,0.47356809671927375,-0.47454519624983954,-0.4736736092984604,-0.3866707201133388,S
389,0,3,male,-0.21737252129839854,-0.47454519624983954,-0.4736736092984604,-0.49279662933638163,Q
390,1,2,female,-0.9533744839693974,-0.47454519624983954,-0.4736736092984604,-0.40680540729992204,C
391,1,1,male,0.47356809671927375,0.4327933656785018,2.0089333664952354,1.7677408088510642,S
392,1,3,male,-0.6529655196138877,-0.47454519624983954,-0.4736736092984604,-0.49145565916975514,S
393,0,3,male,-0.12724983199174567,1.340131927606843,-0.4736736092984604,-0.4888542575852486,S
394,1,1,female,-0.5027610374361329,0.4327933656785018,-0.4736736092984604,1.6323350375212924,C
395,1,3,female,-0.4276587963472554,-0.47454519624983954,2.0089333664952354,-0.312172377522981,S
396,0,3,male,-0.5778632785250103,-0.47454519624983954,-0.4736736092984604,-0.49145565916975514,S
397,0,3,female,0.0980568912748866,-0.47454519624983954,-0.4736736092984604,-0.4902797934380587,S
398,0,2,male,1.224590507608048,-0.47454519624983954,-0.4736736092984604,-0.12491978668775715,S
399,0,2,male,-0.5027610374361329,-0.47454519624983954,-0.4736736092984604,-0.43700743807979686,S
400,1,2,female,-0.12724983199174567,-0.47454519624983954,-0.4736736092984604,-0.393717860628643,S
401,1,3,male,0.6988748199859061,-0.47454519624983954,-0.4736736092984604,-0.4888542575852486,S
402,0,3,male,-0.27745431416950056,-0.47454519624983954,-0.4736736092984604,-0.4863374216869257,S
403,0,3,female,-0.6529655196138877,0.4327933656785018,-0.4736736092984604,-0.4505983519307405,S
404,0,3,male,-0.12724983199174567,0.4327933656785018,-0.4736736092984604,-0.32928686163157667,S
405,0,3,female,-0.7280677607027651,-0.47454519624983954,-0.4736736092984604,-0.47400492578514347,S
406,0,2,male,0.3233636145415189,0.4327933656785018,-0.4736736092984604,-0.22559322262067316,S
407,0,3,male,1.600101713052435,-0.47454519624983954,-0.4736736092984604,-0.49237782784290063,S
408,1,2,male,-2.0048058592136813,0.4327933656785018,0.7676298785983874,-0.2708962687904854,S
409,0,3,male,-0.6529655196138877,-0.47454519624983954,-0.4736736092984604,-0.4918744606632361,S
410,0,3,female,-0.5928837267427857,2.2474704895351842,0.7676298785983874,-0.13565761536436197,S
411,0,3,male,0.12809778771043748,-0.47454519624983954,-0.4736736092984604,-0.4894421904510968,S
412,0,3,male,0.08303644305711118,-0.47454519624983954,-0.4736736092984604,-0.5103319284071769,Q
413,1,1,female,0.24826137345264146,0.4327933656785018,-0.4736736092984604,1.163700193253568,Q
414,0,2,male,0.26328182167041714,-0.47454519624983954,-0.4736736092984604,-0.6484216535389205,S
415,1,3,male,1.0743860254302933,-0.47454519624983954,-0.4736736092984604,-0.4888542575852486,S
416,0,3,female,-0.09720893555619481,-0.47454519624983954,-0.4736736092984604,-0.4863374216869257,S
417,1,2,female,0.3233636145415189,0.4327933656785018,0.7676298785983874,0.005955680025033696,S
418,1,2,female,-0.87827224288052,-0.47454519624983954,2.0089333664952354,-0.3866707201133388,S
419,0,2,male,0.02295465018600918,-0.47454519624983954,-0.4736736092984604,-0.3866707201133388,S
420,0,3,female,-1.4790901715915394,-0.47454519624983954,2.0089333664952354,-0.1621689579829361,S
421,0,3,male,-0.09720893555619481,-0.47454519624983954,-0.4736736092984604,-0.4894421904510968,C
422,0,3,male,-0.6529655196138877,-0.47454519624983954,-0.4736736092984604,-0.49271407711891657,Q
423,0,3,male,-0.05214759090286825,-0.47454519624983954,-0.4736736092984604,-0.4898609919445778,S
424,0,3,female,-0.12724983199174567,0.4327933656785018,0.7676298785983874,-0.35848215805212236,S
425,0,3,male,-0.87827224288052,0.4327933656785018,0.7676298785983874,-0.2414492887801075,S
426,0,3,male,-0.3225156588228271,-0.47454519624983954,-0.4736736092984604,-0.5024451714361923,S
427,1,2,female,-0.12724983199174567,0.4327933656785018,-0.4736736092984604,-0.12491978668775715,S
428,1,2,female,-0.8031700017916426,-0.47454519624983954,-0.4736736092984604,-0.12491978668775715,S
429,0,3,male,-0.3225156588228271,-0.47454519624983954,-0.4736736092984604,-0.49237782784290063,Q
430,1,3,male,0.17315913236376404,-0.47454519624983954,-0.4736736092984604,-0.4863374216869257,S
431,1,1,male,-0.12724983199174567,-0.47454519624983954,-0.4736736092984604,-0.11384570873513637,S
432,1,3,female,-0.4426792445650308,0.4327933656785018,-0.4736736092984604,-0.32425318983493084,S
433,1,2,female,0.9241815432525383,0.4327933656785018,-0.4736736092984604,-0.12491978668775715,S
434,0,3,male,-0.9533744839693974,-0.47454519624983954,-0.4736736092984604,-0.5049620073345151,S
435,0,1,male,1.5249994719635578,0.4327933656785018,-0.4736736092984604,0.4771073601910807,S
436,1,1,female,-1.1786812072360298,0.4327933656785018,2.0089333664952354,1.7677408088510642,S
437,0,3,female,-0.6529655196138877,1.340131927606843,2.0089333664952354,0.04370821849987721,S
438,1,2,female,-0.4276587963472554,1.340131927606843,3.250236854392083,-0.2708962687904854,S
439,0,1,male,2.576430847207842,0.4327933656785018,4.491540342288931,4.647001076532463,S
440,0,2,male,0.0980568912748866,-0.47454519624983954,-0.4736736092984604,-0.43700743807979686,S
441,1,2,female,1.1494882665191706,0.4327933656785018,0.7676298785983874,-0.11988611489111134,S
442,0,3,male,-0.7280677607027651,-0.47454519624983954,-0.4736736092984604,-0.45714212526638004,S
443,0,3,male,-0.352556555258378,0.4327933656785018,-0.4736736092984604,-0.4918744606632361,S
444,1,2,female,-0.12724983199174567,-0.47454519624983954,-0.4736736092984604,-0.3866707201133388,S
445,1,3,male,-0.23239296951617397,-0.47454519624983954,-0.4736736092984604,-0.48507900373776425,S
446,1,1,male,-1.929703618124804,-0.47454519624983954,2.0089333664952354,0.9997696105865636,S
447,1,2,female,-1.253783448324907,-0.47454519624983954,0.7676298785983874,-0.255795253400548,S
448,1,1,male,0.3233636145415189,-0.47454519624983954,-0.4736736092984604,-0.11384570873513637,S
449,1,3,female,-1.8546013770359266,1.340131927606843,0.7676298785983874,-0.26066180729354516,C
450,1,1,male,1.6752039541413126,-0.47454519624983954,-0.4736736092984604,-0.034313694348132716,S
451,0,2,male,0.47356809671927375,0.4327933656785018,2.0089333664952354,-0.08968408411123653,S
452,0,3,male,-0.45769969278280626,0.4327933656785018,-0.4736736092984604,-0.2463983948905696,S
453,0,1,male,0.02295465018600918,-0.47454519624983954,-0.4736736092984604,-0.08968408411123653,C
454,1,1,male,1.4498972308746803,0.4327933656785018,-0.4736736092984604,1.145663540471827,C
455,0,3,male,0.7589566128570078,-0.47454519624983954,-0.4736736092984604,-0.4863374216869257,S
456,1,3,male,-0.05214759090286825,-0.47454519624983954,-0.4736736092984604,-0.4894421904510968,C
457,0,1,male,2.6515330882967194,-0.47454519624983954,-0.4736736092984604,-0.11384570873513637,S
458,1,1,female,0.5937316824614778,0.4327933656785018,-0.4736736092984604,0.395813560675251,S
459,1,2,female,1.5249994719635578,-0.47454519624983954,-0.4736736092984604,-0.43700743807979686,S
460,0,3,male,0.7589566128570078,-0.47454519624983954,-0.4736736092984604,-0.49237782784290063,Q
461,1,1,male,1.374794989785803,-0.47454519624983954,-0.4736736092984604,-0.11384570873513637,S
462,0,3,male,0.3233636145415189,-0.47454519624983954,-0.4736736092984604,-0.4863374216869257,S
463,0,1,male,1.2996927486969254,-0.47454519624983954,-0.4736736092984604,0.12676380314453292,S
464,0,2,male,1.374794989785803,-0.47454519624983954,-0.4736736092984604,-0.3866707201133388,S
465,0,3,male,0.8941406468169875,-0.47454519624983954,-0.4736736092984604,-0.4863374216869257,S
466,0,3,male,0.6237725788970286,-0.47454519624983954,-0.4736736092984604,-0.5064721088735089,S
467,0,2,male,0.18817958058153975,-0.47454519624983954,-0.4736736092984604,-0.6484216535389205,S
468,0,1,male,1.9756129184968223,-0.47454519624983954,-0.4736736092984604,-0.11384570873513637,S
469,0,3,male,0.47356809671927375,-0.47454519624983954,-0.4736736092984604,-0.4928811950225652,Q
470,1,3,female,-2.173785901663656,1.340131927606843,0.7676298785983874,-0.26066180729354516,C
471,0,3,male,0.02295465018600918,-0.47454519624983954,-0.4736736092984604,-0.5024451714361923,S
472,0,3,male,0.6237725788970286,-0.47454519624983954,-0.4736736092984604,-0.47400492578514347,S
473,1,2,female,0.24826137345264146,0.4327933656785018,2.0089333664952354,-0.08968408411123653,S
474,1,2,female,-0.5027610374361329,-0.47454519624983954,-0.4736736092984604,-0.3707300882677209,C
475,0,3,female,-0.5778632785250103,-0.47454519624983954,-0.4736736092984604,-0.45034666834090825,S
476,0,1,male,1.0443451289947423,-0.47454519624983954,-0.4736736092984604,0.39858208016340624,S
477,0,2,male,0.3233636145415189,0.4327933656785018,-0.4736736092984604,-0.22559322262067316,S
478,0,3,male,-0.05214759090286825,0.4327933656785018,-0.4736736092984604,-0.5065566745596926,S
479,0,3,male,-0.5778632785250103,-0.47454519624983954,-0.4736736092984604,-0.4969926981460655,S
480,1,3,female,-2.079908100302559,-0.47454519624983954,0.7676298785983874,-0.4010166847337793,S
481,0,3,male,-1.5541924126804167,4.0621476133918675,2.0089333664952354,0.2958951755118318,S
482,0,2,male,0.6838543717681304,-0.47454519624983954,-0.4736736092984604,-0.6484216535389205,S
483,0,3,male,1.5249994719635578,-0.47454519624983954,-0.4736736092984604,-0.4863374216869257,S
484,1,3,female,2.5013286061189643,-0.47454519624983954,-0.4736736092984604,-0.455380340137554,S
485,1,1,male,-0.352556555258378,0.4327933656785018,-0.4736736092984604,1.1854295476653287,C
486,0,3,female,0.6087521306792529,2.2474704895351842,0.7676298785983874,-0.13565761536436197,S
487,1,1,female,0.3984658556303963,0.4327933656785018,-0.4736736092984604,1.163700193253568,S
488,0,1,male,2.125817400674577,-0.47454519624983954,-0.4736736092984604,-0.05042144409739929,C
489,0,3,male,0.02295465018600918,-0.47454519624983954,-0.4736736092984604,-0.4863374216869257,S
490,1,3,male,-1.5541924126804167,0.4327933656785018,0.7676298785983874,-0.32828012727224753,S
491,0,3,male,0.9992837843414157,0.4327933656785018,-0.4736736092984604,-0.2463983948905696,S
492,0,3,male,-0.6529655196138877,-0.47454519624983954,-0.4736736092984604,-0.5024451714361923,S
493,0,1,male,1.900510677407945,-0.47454519624983954,-0.4736736092984604,-0.034313694348132716,S
494,0,1,male,3.1021465348299837,-0.47454519624983954,-0.4736736092984604,0.3483299278831318,C
495,0,3,male,-0.6529655196138877,-0.47454519624983954,-0.4736736092984604,-0.4863374216869257,S
496,0,3,male,-0.8482313464449691,-0.47454519624983954,-0.4736736092984604,-0.3573083057891445,C
497,1,1,female,1.8254084363190675,0.4327933656785018,-0.4736736092984604,0.9274538680872313,C
498,0,3,male,-0.6079041749605611,-0.47454519624983954,-0.4736736092984604,-0.3443878770215141,S
499,0,1,female,-0.352556555258378,0.4327933656785018,2.0089333664952354,2.4029901895877646,S
500,0,3,male,-0.4276587963472554,-0.47454519624983954,-0.4736736092984604,-0.49145565916975514,S
501,0,3,male,-0.9533744839693974,-0.47454519624983954,-0.4736736092984604,-0.47400492578514347,S
502,0,3,female,-0.6529655196138877,-0.47454519624983954,-0.4736736092984604,-0.49237782784290063,Q
503,0,3,female,-0.4276587963472554,-0.47454519624983954,-0.4736736092984604,-0.4948100980550399,Q
504,0,3,female,0.5486703378081512,-0.47454519624983954,-0.4736736092984604,-0.455380340137554,S
505,1,1,female,-1.028476725058275,-0.47454519624983954,-0.4736736092984604,1.093228788100527,S
506,0,1,male,-0.87827224288052,0.4327933656785018,-0.4736736092984604,1.5442457810799908,C
507,1,2,female,0.24826137345264146,-0.47454519624983954,2.0089333664952354,-0.12491978668775715,S
508,1,1,male,0.47356809671927375,-0.47454519624983954,-0.4736736092984604,-0.11384570873513637,S
509,0,3,male,-0.12724983199174567,-0.47454519624983954,-0.4736736092984604,-0.1948878246611338,S
510,1,3,male,-0.27745431416950056,-0.47454519624983954,-0.4736736092984604,0.48910360681684706,S
511,1,3,male,-0.05214759090286825,-0.47454519624983954,-0.4736736092984604,-0.49237782784290063,Q
512,0,3,male,0.11307733949266204,-0.47454519624983954,-0.4736736092984604,-0.4863374216869257,S
513,1,1,male,0.47356809671927375,-0.47454519624983954,-0.4736736092984604,-0.11913106412161445,S
514,1,1,female,1.8254084363190675,0.4327933656785018,-0.4736736092984604,0.5475787653441219,C
515,0,3,male,-0.4276587963472554,-0.47454519624983954,-0.4736736092984604,-0.4974960653257301,S
516,0,1,male,1.2996927486969254,-0.47454519624983954,-0.4736736092984604,0.036576512298389464,S
517,1,2,female,0.3233636145415189,-0.47454519624983954,-0.4736736092984604,-0.43700743807979686,S
518,0,3,male,0.47356809671927375,-0.47454519624983954,-0.4736736092984604,-0.1621689579829361,Q
519,1,2,female,0.47356809671927375,0.4327933656785018,-0.4736736092984604,-0.12491978668775715,S
520,0,3,male,0.17315913236376404,-0.47454519624983954,-0.4736736092984604,-0.4894421904510968,S
521,1,1,female,0.02295465018600918,-0.47454519624983954,-0.4736736092984604,1.2341715984066093,S
522,0,3,male,-0.5778632785250103,-0.47454519624983954,-0.4736736092984604,-0.4894421904510968,S
523,0,3,male,0.5261396654814882,-0.47454519624983954,-0.4736736092984604,-0.5029485386158568,C
524,1,1,female,1.0743860254302933,-0.47454519624983954,0.7676298785983874,0.5189714017894245,C
525,0,3,male,0.5261396654814882,-0.47454519624983954,-0.4736736092984604,-0.5028639729296732,C
526,0,3,male,0.8115281816192221,-0.47454519624983954,-0.4736736092984604,-0.49237782784290063,Q
527,1,2,female,1.5249994719635578,-0.47454519624983954,-0.4736736092984604,-0.43700743807979686,S
528,0,1,male,0.23324092523486575,-0.47454519624983954,-0.4736736092984604,3.817033162951754,S
529,0,3,male,0.6988748199859061,-0.47454519624983954,-0.4736736092984604,-0.4888542575852486,S
530,0,2,male,-0.5027610374361329,1.340131927606843,0.7676298785983874,-0.41687275089321363,S
531,1,2,female,-2.079908100302559,0.4327933656785018,0.7676298785983874,-0.12491978668775715,S
532,0,3,male,0.015444426077121329,-0.47454519624983954,-0.4736736092984604,-0.5028639729296732,C
533,0,3,male,-0.9533744839693974,0.4327933656785018,0.7676298785983874,-0.5028639729296732,C
534,1,3,female,-0.5928837267427857,-0.47454519624983954,2.0089333664952354,-0.19824427701513722,C
535,0,3,female,0.02295465018600918,-0.47454519624983954,-0.4736736092984604,-0.47400492578514347,S
536,1,2,female,-1.7043968948581716,-0.47454519624983954,2.0089333664952354,-0.11988611489111134,S
537,0,1,male,1.1494882665191706,-0.47454519624983954,-0.4736736092984604,-0.11384570873513637,S
538,1,1,female,0.02295465018600918,-0.47454519624983954,-0.4736736092984604,1.4944124302931971,C
539,0,3,male,-0.09720893555619481,-0.47454519624983954,-0.4736736092984604,-0.35646868933346404,S
540,1,1,female,-0.5778632785250103,-0.47454519624983954,2.0089333664952354,0.3482453621969482,C
541,1,1,female,0.47356809671927375,-0.47454519624983954,2.0089333664952354,0.7811411367084872,S
542,0,3,female,-1.5541924126804167,3.1548090514635256,2.0089333664952354,-0.01870931177853076,S
543,0,3,female,-1.403987930502662,3.1548090514635256,2.0089333664952354,-0.01870931177853076,S
544,1,2,male,0.17315913236376404,0.4327933656785018,-0.4736736092984604,-0.12491978668775715,S
545,0,1,male,1.5249994719635578,0.4327933656785018,-0.4736736092984604,1.4944124302931971,C
546,0,1,male,2.576430847207842,-0.47454519624983954,-0.4736736092984604,-0.12491978668775715,S
547,1,2,female,-0.8031700017916426,0.4327933656785018,-0.4736736092984604,-0.12491978668775715,S
548,1,2,male,0.17315913236376404,-0.47454519624983954,-0.4736736092984604,-0.3693045524149108,C
549,0,3,male,0.24826137345264146,0.4327933656785018,0.7676298785983874,-0.2351571990343002,S
550,1,2,male,-1.6292946537692943,0.4327933656785018,0.7676298785983874,0.09152810056801232,S
551,1,1,male,-0.9533744839693974,-0.47454519624983954,2.0089333664952354,1.5841789061771412,C
552,0,2,male,-0.2023520730806231,-0.47454519624983954,-0.4736736092984604,-0.12491978668775715,S
553,0,3,male,-0.007086246249541686,-0.47454519624983954,-0.4736736092984604,-0.49078316061772326,Q
554,1,3,male,-0.5778632785250103,-0.47454519624983954,-0.4736736092984604,-0.5029485386158568,C
555,1,3,female,-0.5778632785250103,-0.47454519624983954,-0.4736736092984604,-0.4918744606632361,S
556,0,1,male,2.426226365030087,-0.47454519624983954,-0.4736736092984604,-0.11384570873513637,S
557,1,1,female,1.374794989785803,0.4327933656785018,-0.4736736092984604,0.1489119590497745,C
558,0,1,male,0.3383840627592946,-0.47454519624983954,-0.4736736092984604,3.9327230485884233,C
559,1,1,female,0.6988748199859061,0.4327933656785018,0.7676298785983874,0.955306180872432,S
560,1,3,female,0.47356809671927375,0.4327933656785018,-0.4736736092984604,-0.29807809649237277,S
561,0,3,male,-0.26243386595172513,-0.47454519624983954,-0.4736736092984604,-0.49237782784290063,Q
562,0,3,male,0.7739770610747835,-0.47454519624983954,-0.4736736092984604,-0.4894421904510968,S
563,0,2,male,-0.12724983199174567,-0.47454519624983954,-0.4736736092984604,-0.3766033765200472,S
564,0,3,male,0.48858854493704945,-0.47454519624983954,-0.4736736092984604,-0.4863374216869257,S
565,0,3,female,0.48858854493704945,-0.47454519624983954,-0.4736736092984604,-0.4863374216869257,S
566,0,3,male,-0.4276587963472554,1.340131927606843,-0.4736736092984604,-0.1621689579829361,S
567,0,3,male,-0.8031700017916426,-0.47454519624983954,-0.4736736092984604,-0.4894421904510968,S
568,0,3,female,-0.05214759090286825,-0.47454519624983954,4.491540342288931,-0.22408312108167944,S
569,0,3,male,0.3083431663237432,-0.47454519624983954,-0.4736736092984604,-0.5028639729296732,C
570,1,3,male,0.17315913236376404,-0.47454519624983954,-0.4736736092984604,-0.4902797934380587,S
571,1,2,male,2.426226365030087,-0.47454519624983954,-0.4736736092984604,-0.43700743807979686,S
572,1,1,female,1.7503061952301902,1.340131927606843,-0.4736736092984604,0.38809593507663365,S
573,1,1,male,0.47356809671927375,-0.47454519624983954,-0.4736736092984604,-0.11711759540295616,S
574,1,3,female,0.41348630384817203,-0.47454519624983954,-0.4736736092984604,-0.49237782784290063,Q
575,0,3,male,-1.028476725058275,-0.47454519624983954,-0.4736736092984604,-0.4863374216869257,S
576,0,3,male,-0.8031700017916426,-0.47454519624983954,-0.4736736092984604,-0.35646868933346404,S
577,1,2,female,0.3233636145415189,-0.47454519624983954,-0.4736736092984604,-0.3866707201133388,S
578,1,1,female,0.6988748199859061,0.4327933656785018,-0.4736736092984604,0.4771073601910807,S
579,0,3,female,-0.007086246249541686,0.4327933656785018,-0.4736736092984604,-0.3573083057891445,C
580,1,3,male,0.17315913236376404,-0.47454519624983954,-0.4736736092984604,-0.4888542575852486,S
581,1,2,female,-0.352556555258378,0.4327933656785018,0.7676298785983874,-0.04438103794142432,S
582,1,1,female,0.6988748199859061,0.4327933656785018,0.7676298785983874,1.5841789061771412,C
583,0,2,male,1.8254084363190675,-0.47454519624983954,-0.4736736092984604,-0.12491978668775715,S
584,0,1,male,0.47356809671927375,-0.47454519624983954,-0.4736736092984604,0.15948266982273065,C
585,0,3,male,0.5186294413726004,-0.47454519624983954,-0.4736736092984604,-0.47299819142581434,C
586,1,1,female,-0.87827224288052,-0.47454519624983954,2.0089333664952354,0.955306180872432,S
587,0,2,male,1.2996927486969254,-0.47454519624983954,-0.4736736092984604,-0.3464013457401724,S
588,1,1,male,2.276021882852332,0.4327933656785018,0.7676298785983874,0.9462455716384695,C
589,0,3,male,-0.5778632785250103,-0.47454519624983954,-0.4736736092984604,-0.4863374216869257,S
590,0,3,male,0.5186294413726004,-0.47454519624983954,-0.4736736092984604,-0.4863374216869257,S
591,0,3,male,0.3984658556303963,-0.47454519624983954,-0.4736736092984604,-0.5049620073345151,S
592,1,1,female,1.6752039541413126,0.4327933656785018,-0.4736736092984604,0.9274538680872313,C
593,0,3,male,1.2996927486969254,-0.47454519624983954,-0.4736736092984604,-0.5024451714361923,S
594,0,3,female,0.7289157164214569,-0.47454519624983954,2.0089333664952354,-0.49237782784290063,Q
595,0,2,male,0.5486703378081512,0.4327933656785018,-0.4736736092984604,-0.12491978668775715,S
596,0,3,male,0.47356809671927375,0.4327933656785018,0.7676298785983874,-0.1621689579829361,S
597,1,2,female,0.1581386841459886,-0.47454519624983954,-0.4736736092984604,0.016023023618325298,S
598,0,3,male,1.4498972308746803,-0.47454519624983954,-0.4736736092984604,-0.6484216535389205,S
599,0,3,male,0.8490793021636609,-0.47454519624983954,-0.4736736092984604,-0.5029485386158568,C
600,1,1,male,1.4498972308746803,0.4327933656785018,-0.4736736092984604,0.49782998024351216,C
601,1,2,female,-0.4276587963472554,1.340131927606843,0.7676298785983874,-0.10478509950117394,S
602,0,3,male,0.8640997503814366,-0.47454519624983954,-0.4736736092984604,-0.4894421904510968,S
603,0,1,male,0.18817958058153975,-0.47454519624983954,-0.4736736092984604,0.2052890831722074,S
604,0,3,male,1.0743860254302933,-0.47454519624983954,-0.4736736092984604,-0.4863374216869257,S
605,1,1,male,0.3984658556303963,-0.47454519624983954,-0.4736736092984604,-0.11384570873513637,C
606,0,3,male,0.47356809671927375,0.4327933656785018,-0.4736736092984604,-0.3353272677875516,S
607,0,3,male,0.02295465018600918,-0.47454519624983954,-0.4736736092984604,-0.4894421904510968,S
608,1,1,male,-0.2023520730806231,-0.47454519624983954,-0.4736736092984604,-0.034313694348132716,S
609,1,2,female,-0.5778632785250103,0.4327933656785018,2.0089333664952354,0.18876253192945994,C
610,1,1,female,0.7739770610747835,-0.47454519624983954,-0.4736736092984604,2.441497778832105,S
611,0,3,female,0.6988748199859061,0.4327933656785018,5.73284383018578,-0.01870931177853076,S
612,0,3,male,0.3083431663237432,-0.47454519624983954,-0.4736736092984604,-0.5064721088735089,S
613,1,3,female,0.14311823592821318,0.4327933656785018,-0.4736736092984604,-0.3363340021468808,Q
614,0,3,male,0.03797509840378461,-0.47454519624983954,-0.4736736092984604,-0.49237782784290063,Q
615,0,3,male,0.3984658556303963,-0.47454519624983954,-0.4736736092984604,-0.4863374216869257,S
616,1,2,female,-0.4276587963472554,0.4327933656785018,2.0089333664952354,0.6603330135889879,S
617,0,3,male,0.3233636145415189,0.4327933656785018,0.7676298785983874,-0.35848215805212236,S
618,0,3,female,-0.27745431416950056,0.4327933656785018,-0.4736736092984604,-0.32425318983493084,S
619,1,2,female,-1.929703618124804,1.340131927606843,0.7676298785983874,0.13683114673782454,S
620,0,2,male,-0.27745431416950056,-0.47454519624983954,-0.4736736092984604,-0.43700743807979686,S
621,0,3,male,-0.2023520730806231,0.4327933656785018,-0.4736736092984604,-0.3573908580066095,C
622,1,1,male,0.9241815432525383,0.4327933656785018,-0.4736736092984604,0.40974072380221066,S
623,1,3,male,-0.7280677607027651,0.4327933656785018,0.7676298785983874,-0.33146744825388363,C
624,0,3,male,-0.6529655196138877,-0.47454519624983954,-0.4736736092984604,-0.4902797934380587,S
625,0,3,male,-0.6529655196138877,-0.47454519624983954,-0.4736736092984604,-0.32425318983493084,S
626,0,1,male,2.3511241239412093,-0.47454519624983954,-0.4736736092984604,0.002347544081197954,S
627,0,2,male,2.0507151595856996,-0.47454519624983954,-0.4736736092984604,-0.3997582667846179,Q
628,1,1,female,-0.6529655196138877,-0.47454519624983954,-0.4736736092984604,0.921244330558889,S
629,0,3,male,-0.27745431416950056,-0.47454519624983954,-0.4736736092984604,-0.4894421904510968,S
630,0,3,male,0.5787112342437021,-0.47454519624983954,-0.4736736092984604,-0.49271407711891657,Q
631,1,1,male,3.7780667046298806,-0.47454519624983954,-0.4736736092984604,-0.04438103794142432,S
632,0,3,male,1.600101713052435,-0.47454519624983954,-0.4736736092984604,-0.5063875431873253,S
633,1,1,male,0.17315913236376404,-0.47454519624983954,-0.4736736092984604,-0.034313694348132716,C
634,0,1,male,0.02295465018600918,-0.47454519624983954,-0.4736736092984604,-0.6484216535389205,S
635,0,3,female,-1.5541924126804167,2.2474704895351842,2.0089333664952354,-0.08666388103324908,S
636,1,2,female,-0.12724983199174567,-0.47454519624983954,-0.4736736092984604,-0.3866707201133388,S
637,0,3,male,0.17315913236376404,-0.47454519624983954,-0.4736736092984604,-0.4888542575852486,S
638,0,2,male,0.0980568912748866,0.4327933656785018,0.7676298785983874,-0.11988611489111134,S
639,0,3,female,0.8490793021636609,-0.47454519624983954,5.73284383018578,0.1506737441786005,S
640,0,3,male,-0.551577494143903,0.4327933656785018,-0.4736736092984604,-0.32425318983493084,S
641,0,3,male,-0.7280677607027651,-0.47454519624983954,-0.4736736092984604,-0.4902797934380587,S
642,1,1,female,-0.4276587963472554,-0.47454519624983954,-0.4736736092984604,0.7469121684912956,C
643,0,3,female,-2.079908100302559,2.2474704895351842,2.0089333664952354,-0.08666388103324908,S
644,1,3,male,0.6688339235503552,-0.47454519624983954,-0.4736736092984604,0.48910360681684706,S
645,1,3,female,-2.173785901663656,1.340131927606843,0.7676298785983874,-0.26066180729354516,C
646,1,1,male,1.374794989785803,0.4327933656785018,-0.4736736092984604,0.8964967865378598,C
647,0,3,male,-0.8031700017916426,-0.47454519624983954,-0.4736736092984604,-0.4894421904510968,S
648,1,1,male,1.9756129184968223,-0.47454519624983954,-0.4736736092984604,0.06635974158478332,C
649,0,3,male,-0.7130473124849896,-0.47454519624983954,-0.4736736092984604,-0.49640476528021726,S
650,1,3,female,-0.5027610374361329,-0.47454519624983954,-0.4736736092984604,-0.49640476528021726,S
651,0,3,male,-0.6679859678316631,-0.47454519624983954,-0.4736736092984604,-0.4894421904510968,S
652,1,2,female,-0.87827224288052,-0.47454519624983954,0.7676298785983874,-0.18532384824750675,S
653,0,3,male,-0.6529655196138877,-0.47454519624983954,-0.4736736092984604,-0.47861979608830835,S
654,1,3,female,-0.6679859678316631,-0.47454519624983954,-0.4736736092984604,-0.49078316061772326,Q
655,0,3,female,-0.87827224288052,-0.47454519624983954,-0.4736736092984604,-0.5125125150294839,Q
656,0,2,male,-0.4276587963472554,1.340131927606843,-0.4736736092984604,0.8314778546749452,S
657,0,3,male,-0.15729072842729655,-0.47454519624983954,-0.4736736092984604,-0.4894421904510968,S
658,0,3,female,0.17315913236376404,0.4327933656785018,0.7676298785983874,-0.3363340021468808,Q
659,0,2,male,-0.5027610374361329,-0.47454519624983954,-0.4736736092984604,-0.3866707201133388,S
660,0,1,male,2.125817400674577,-0.47454519624983954,2.0089333664952354,1.6323350375212924,C
661,1,1,male,1.5249994719635578,1.340131927606843,-0.4736736092984604,2.042579288947925,S
662,0,3,male,0.7739770610747835,-0.47454519624983954,-0.4736736092984604,-0.5029485386158568,C
663,0,1,male,1.2996927486969254,-0.47454519624983954,-0.4736736092984604,-0.13322534515222276,S
664,0,3,male,0.47356809671927375,-0.47454519624983954,-0.4736736092984604,-0.4974960653257301,S
665,1,3,male,-0.7280677607027651,0.4327933656785018,-0.4736736092984604,-0.4888542575852486,S
666,0,2,male,0.17315913236376404,1.340131927606843,-0.4736736092984604,0.8314778546749452,S
667,0,2,male,-0.352556555258378,-0.47454519624983954,-0.4736736092984604,-0.3866707201133388,S
668,0,3,male,0.6838543717681304,-0.47454519624983954,-0.4736736092984604,-0.4918744606632361,S
669,0,3,male,0.9992837843414157,-0.47454519624983954,-0.4736736092984604,-0.4863374216869257,S
670,1,1,female,0.06801599483933575,0.4327933656785018,-0.4736736092984604,0.39858208016340624,S
671,1,2,female,0.7739770610747835,0.4327933656785018,0.7676298785983874,0.13683114673782454,S
672,0,1,male,0.0980568912748866,0.4327933656785018,-0.4736736092984604,0.39858208016340624,S
673,0,2,male,3.027044293741106,-0.47454519624983954,-0.4736736092984604,-0.43700743807979686,S
674,1,2,male,0.0980568912748866,-0.47454519624983954,-0.4736736092984604,-0.3866707201133388,S
675,0,2,male,0.3759351833037333,-0.47454519624983954,-0.4736736092984604,-0.6484216535389205,S
676,0,3,male,-0.87827224288052,-0.47454519624983954,-0.4736736092984604,-0.4918744606632361,S
677,0,3,male,-0.3901076758028167,-0.47454519624983954,-0.4736736092984604,-0.4863374216869257,S
678,1,3,female,-0.87827224288052,-0.47454519624983954,-0.4736736092984604,-0.45026210265472455,S
679,0,3,female,0.9992837843414157,0.4327933656785018,6.974147318082627,0.2958951755118318,S
680,1,1,male,0.47356809671927375,-0.47454519624983954,0.7676298785983874,9.667166525013505,C
681,0,3,female,-0.7355779848116529,-0.47454519624983954,-0.4736736092984604,-0.48457563655809965,Q
682,1,1,male,-0.2023520730806231,-0.47454519624983954,-0.4736736092984604,0.8964967865378598,C
683,0,3,male,-0.7280677607027651,-0.47454519624983954,-0.4736736092984604,-0.4626791642426904,S
684,0,3,male,-1.1786812072360298,4.0621476133918675,2.0089333664952354,0.2958951755118318,S
685,0,2,male,2.276021882852332,0.4327933656785018,0.7676298785983874,0.13683114673782454,S
686,0,2,male,-0.352556555258378,0.4327933656785018,2.0089333664952354,0.18876253192945994,C
687,0,3,male,-1.1786812072360298,3.1548090514635256,0.7676298785983874,0.1506737441786005,S
688,0,3,male,-0.8031700017916426,-0.47454519624983954,-0.4736736092984604,-0.44363577710162005,S
689,0,3,male,-0.87827224288052,-0.47454519624983954,-0.4736736092984604,-0.49145565916975514,S
690,1,1,female,-1.1035789661471522,-0.47454519624983954,0.7676298785983874,3.6067927997556075,S
691,1,1,male,0.0980568912748866,0.4327933656785018,-0.4736736092984604,0.49925551609632224,S
692,1,3,female,-1.929703618124804,-0.47454519624983954,0.7676298785983874,-0.37828059596268965,C
693,1,3,male,-0.3225156588228271,-0.47454519624983954,-0.4736736092984604,0.48910360681684706,S
694,0,3,male,-0.352556555258378,-0.47454519624983954,-0.4736736092984604,-0.5029485386158568,C
695,0,1,male,2.276021882852332,-0.47454519624983954,-0.4736736092984604,-0.11384570873513637,S
696,0,2,male,1.6752039541413126,-0.47454519624983954,-0.4736736092984604,-0.3766033765200472,S
697,0,3,male,1.0743860254302933,-0.47454519624983954,-0.4736736092984604,-0.4863374216869257,S
698,1,3,female,0.5937316824614778,-0.47454519624983954,-0.4736736092984604,-0.49271407711891657,Q
699,0,1,male,1.4498972308746803,0.4327933656785018,0.7676298785983874,1.5841789061771412,C
700,0,3,male,0.9241815432525383,-0.47454519624983954,-0.4736736092984604,-0.494391296561559,S
701,1,1,female,-0.87827224288052,0.4327933656785018,-0.4736736092984604,3.9327230485884233,C
702,1,1,male,0.3984658556303963,-0.47454519624983954,-0.4736736092984604,-0.11913106412161445,S
703,0,3,female,-0.87827224288052,-0.47454519624983954,0.7676298785983874,-0.3573908580066095,C
704,0,3,male,-0.352556555258378,-0.47454519624983954,-0.4736736092984604,-0.4925449457465493,Q
705,0,3,male,-0.27745431416950056,0.4327933656785018,-0.4736736092984604,-0.4902797934380587,S
706,0,2,male,0.6988748199859061,-0.47454519624983954,-0.4736736092984604,-0.12491978668775715,S
707,1,2,female,1.1494882665191706,-0.47454519624983954,-0.4736736092984604,-0.3766033765200472,S
708,1,1,male,0.9241815432525383,-0.47454519624983954,-0.4736736092984604,-0.11913106412161445,S
709,1,1,female,-0.5778632785250103,-0.47454519624983954,-0.4736736092984604,2.4029901895877646,S
710,1,3,male,0.3233636145415189,0.4327933656785018,0.7676298785983874,-0.3414522396297103,C
711,1,1,female,-0.4276587963472554,-0.47454519624983954,-0.4736736092984604,0.3483299278831318,C
712,0,1,male,0.3834454074126206,-0.47454519624983954,-0.4736736092984604,-0.11384570873513637,S
713,1,1,male,1.374794989785803,0.4327933656785018,-0.4736736092984604,0.39858208016340624,S
714,0,3,male,-0.05214759090286825,-0.47454519624983954,-0.4736736092984604,-0.457478374542396,S
715,0,2,male,1.6752039541413126,-0.47454519624983954,-0.4736736092984604,-0.3866707201133388,S
716,0,3,male,-0.8031700017916426,-0.47454519624983954,-0.4736736092984604,-0.494391296561559,S
717,1,1,female,0.6237725788970286,-0.47454519624983954,-0.4736736092984604,3.9327230485884233,C
718,1,2,female,-0.2023520730806231,-0.47454519624983954,-0.4736736092984604,-0.43700743807979686,S
719,0,3,male,0.7138952682036818,-0.47454519624983954,-0.4736736092984604,-0.3363340021468808,Q
720,0,3,male,0.24826137345264146,-0.47454519624983954,-0.4736736092984604,-0.4918744606632361,S
721,1,2,female,-1.7794991359470491,-0.47454519624983954,0.7676298785983874,0.016023023618325298,S
722,0,3,male,-0.9533744839693974,0.4327933656785018,-0.4736736092984604,-0.5063875431873253,S
723,0,2,male,0.3233636145415189,-0.47454519624983954,-0.4736736092984604,-0.3866707201133388,S
724,0,2,male,1.5249994719635578,-0.47454519624983954,-0.4736736092984604,-0.3866707201133388,S
725,1,1,male,-0.2023520730806231,0.4327933656785018,-0.4736736092984604,0.4207302360686478,S
726,0,3,male,-0.7280677607027651,-0.47454519624983954,-0.4736736092984604,-0.47400492578514347,S
727,1,2,female,0.02295465018600918,2.2474704895351842,-0.4736736092984604,-0.22559322262067316,S
728,1,3,female,-0.03712714268509282,-0.47454519624983954,-0.4736736092984604,-0.4926295114327329,Q
729,0,2,male,-0.352556555258378,0.4327933656785018,-0.4736736092984604,-0.12491978668775715,S
730,0,3,female,-0.352556555258378,0.4327933656785018,-0.4736736092984604,-0.4888542575852486,S
731,1,1,female,-0.05214759090286825,-0.47454519624983954,-0.4736736092984604,3.6067927997556075,S
732,0,3,male,-1.403987930502662,-0.47454519624983954,-0.4736736092984604,-0.2701412180209885,C
733,0,2,male,-0.6079041749605611,-0.47454519624983954,-0.4736736092984604,-0.6484216535389205,S
734,0,2,male,-0.5027610374361329,-0.47454519624983954,-0.4736736092984604,-0.3866707201133388,S
735,0,2,male,-0.5027610374361329,-0.47454519624983954,-0.4736736092984604,-0.3866707201133388,S
736,0,3,male,-0.08969871144730697,-0.47454519624983954,-0.4736736092984604,-0.32425318983493084,S
737,0,3,female,1.374794989785803,0.4327933656785018,3.250236854392083,0.04370821849987721,S
738,1,1,male,0.3984658556303963,-0.47454519624983954,-0.4736736092984604,9.667166525013505,C
739,0,3,male,-0.2699440900606127,-0.47454519624983954,-0.4736736092984604,-0.4894421904510968,S
740,0,3,male,-0.2849645382783884,-0.47454519624983954,-0.4736736092984604,-0.4894421904510968,S
741,1,1,male,-0.47272014100058196,-0.47454519624983954,-0.4736736092984604,-0.04438103794142432,S
742,0,1,male,0.47356809671927375,0.4327933656785018,-0.4736736092984604,0.9391984311231651,S
743,1,1,female,-0.6529655196138877,1.340131927606843,2.0089333664952354,4.634416897040849,C
744,0,3,male,-0.4276587963472554,0.4327933656785018,-0.4736736092984604,-0.32425318983493084,S
745,1,3,male,0.0980568912748866,-0.47454519624983954,-0.4736736092984604,-0.4888542575852486,S
746,0,1,male,3.027044293741106,0.4327933656785018,0.7676298785983874,0.7811411367084872,S
747,0,3,male,-1.028476725058275,0.4327933656785018,0.7676298785983874,-0.24069423801061057,S
748,1,2,female,0.02295465018600918,-0.47454519624983954,-0.4736736092984604,-0.3866707201133388,S
749,0,1,male,-0.8031700017916426,0.4327933656785018,-0.4736736092984604,0.4207302360686478,S
750,0,3,male,0.0980568912748866,-0.47454519624983954,-0.4736736092984604,-0.49237782784290063,Q
751,1,2,female,-1.929703618124804,0.4327933656785018,0.7676298785983874,-0.18532384824750675,S
752,1,3,male,-1.7794991359470491,-0.47454519624983954,0.7676298785983874,-0.397241430886295,S
753,0,3,male,0.24826137345264146,-0.47454519624983954,-0.4736736092984604,-0.45714212526638004,S
754,0,3,male,-0.5027610374361329,-0.47454519624983954,-0.4736736092984604,-0.4894421904510968,S
755,1,2,female,1.374794989785803,0.4327933656785018,2.0089333664952354,0.6603330135889879,S
756,1,2,male,-2.179794080950766,0.4327933656785018,0.7676298785983874,-0.35646868933346404,S
757,0,3,male,-0.12724983199174567,-0.47454519624983954,-0.4736736092984604,-0.49145565916975514,S
758,0,2,male,-0.87827224288052,-0.47454519624983954,-0.4736736092984604,-0.41687275089321363,S
759,0,3,male,0.3233636145415189,-0.47454519624983954,-0.4736736092984604,-0.4863374216869257,S
760,1,1,female,0.24826137345264146,-0.47454519624983954,-0.4736736092984604,1.093228788100527,S
761,0,3,male,-0.5227382335657741,-0.47454519624983954,-0.4736736092984604,-0.35646868933346404,S
762,0,3,male,0.8490793021636609,-0.47454519624983954,-0.4736736092984604,-0.5049620073345151,S
763,1,3,male,-0.7280677607027651,-0.47454519624983954,-0.4736736092984604,-0.5028639729296732,C
764,1,1,female,0.47356809671927375,0.4327933656785018,2.0089333664952354,1.7677408088510642,S
765,0,3,male,-1.028476725058275,-0.47454519624983954,-0.4736736092984604,-0.4918744606632361,S
766,1,1,female,1.600101713052435,0.4327933656785018,-0.4736736092984604,0.921244330558889,S
767,0,1,male,-0.38259745169392884,-0.47454519624983954,-0.4736736092984604,0.1489119590497745,C
768,0,3,female,0.06050577073044789,-0.47454519624983954,-0.4736736092984604,-0.49237782784290063,Q
769,0,3,male,0.3083431663237432,0.4327933656785018,-0.4736736092984604,-0.1621689579829361,Q
770,0,3,male,0.17315913236376404,-0.47454519624983954,-0.4736736092984604,-0.4800453319411184,S
771,0,3,male,-0.4276587963472554,-0.47454519624983954,-0.4736736092984604,-0.45714212526638004,S
772,0,3,male,1.374794989785803,-0.47454519624983954,-0.4736736092984604,-0.4902797934380587,S
773,0,2,female,2.0507151595856996,-0.47454519624983954,-0.4736736092984604,-0.43700743807979686,S
774,0,3,male,0.45854764850149804,-0.47454519624983954,-0.4736736092984604,-0.5029485386158568,C
775,1,2,female,1.8254084363190675,0.4327933656785018,3.250236854392083,-0.18532384824750675,S
776,0,3,male,-0.87827224288052,-0.47454519624983954,-0.4736736092984604,-0.49237782784290063,S
777,0,3,male,-0.11222938377397025,-0.47454519624983954,-0.4736736092984604,-0.49237782784290063,Q
778,1,3,female,-1.8546013770359266,-0.47454519624983954,-0.4736736092984604,-0.397241430886295,S
779,0,3,male,-0.45769969278280626,-0.47454519624983954,-0.4736736092984604,-0.4926295114327329,Q
780,1,1,female,0.9992837843414157,-0.47454519624983954,0.7676298785983874,3.6067927997556075,S
781,1,3,female,-1.253783448324907,-0.47454519624983954,-0.4736736092984604,-0.5028639729296732,C
782,1,1,female,-0.9533744839693974,0.4327933656785018,-0.4736736092984604,0.49925551609632224,S
783,0,1,male,-0.05214759090286825,-0.47454519624983954,-0.4736736092984604,-0.04438103794142432,S
784,0,3,male,-0.6079041749605611,0.4327933656785018,2.0089333664952354,-0.17626323901354432,S
785,0,3,male,-0.352556555258378,-0.47454519624983954,-0.4736736092984604,-0.5064721088735089,S
786,0,3,male,-0.352556555258378,-0.47454519624983954,-0.4736736092984604,-0.5024451714361923,S
787,1,3,female,-0.87827224288052,-0.47454519624983954,-0.4736736092984604,-0.4974960653257301,S
788,0,3,male,-1.6292946537692943,3.1548090514635256,0.7676298785983874,-0.06199888922968463,Q
789,1,3,male,-2.1550103413914363,0.4327933656785018,2.0089333664952354,-0.23415046467497105,S
790,0,1,male,1.224590507608048,-0.47454519624983954,-0.4736736092984604,0.9462455716384695,C
791,0,3,male,-0.3675770034761534,-0.47454519624983954,-0.4736736092984604,-0.49237782784290063,Q
792,0,2,male,-1.028476725058275,-0.47454519624983954,-0.4736736092984604,-0.12491978668775715,S
793,0,3,female,0.7589566128570078,6.784163299176891,2.0089333664952354,0.7519458402879414,S
794,0,1,male,-0.21737252129839854,-0.47454519624983954,-0.4736736092984604,-0.030371322596999754,C
795,0,3,male,-0.352556555258378,-0.47454519624983954,-0.4736736092984604,-0.4894421904510968,S
796,0,2,male,0.6988748199859061,-0.47454519624983954,-0.4736736092984604,-0.3866707201133388,S
797,1,1,female,1.4498972308746803,-0.47454519624983954,-0.4736736092984604,-0.1263453225405672,S
798,1,3,female,0.0980568912748866,-0.47454519624983954,-0.4736736092984604,-0.4735861242916626,S
799,0,3,male,0.02295465018600918,-0.47454519624983954,-0.4736736092984604,-0.5028639729296732,C
800,0,3,female,0.02295465018600918,0.4327933656785018,0.7676298785983874,-0.1621689579829361,S
801,0,2,male,0.3233636145415189,-0.47454519624983954,-0.4736736092984604,-0.3866707201133388,S
802,1,2,female,0.0980568912748866,0.4327933656785018,0.7676298785983874,-0.11988611489111134,S
803,1,1,male,-1.403987930502662,0.4327933656785018,2.0089333664952354,1.7677408088510642,S
804,1,3,male,-2.198569641222985,-0.47454519624983954,0.7676298785983874,-0.47694056317694733,C
805,1,3,male,-0.2023520730806231,-0.47454519624983954,-0.4736736092984604,-0.5079822104125026,S
806,0,3,male,0.0980568912748866,-0.47454519624983954,-0.4736736092984604,-0.4918744606632361,S
807,0,1,male,0.6988748199859061,-0.47454519624983954,-0.4736736092984604,-0.6484216535389205,S
808,0,3,female,-0.87827224288052,-0.47454519624983954,-0.4736736092984604,-0.4918744606632361,S
809,0,2,male,0.6988748199859061,-0.47454519624983954,-0.4736736092984604,-0.3866707201133388,S
810,1,1,female,0.24826137345264146,0.4327933656785018,-0.4736736092984604,0.4207302360686478,S
811,0,3,male,-0.27745431416950056,-0.47454519624983954,-0.4736736092984604,-0.4896093083547455,S
812,0,3,male,0.6988748199859061,-0.47454519624983954,-0.4736736092984604,-0.1621689579829361,S
813,0,2,male,0.3984658556303963,-0.47454519624983954,-0.4736736092984604,-0.43700743807979686,S
814,0,3,female,-1.7794991359470491,3.1548090514635256,2.0089333664952354,-0.01870931177853076,S
815,0,3,male,0.06050577073044789,-0.47454519624983954,-0.4736736092984604,-0.4863374216869257,S
816,0,1,male,0.3759351833037333,-0.47454519624983954,-0.4736736092984604,-0.6484216535389205,S
817,0,3,female,-0.5027610374361329,-0.47454519624983954,-0.4736736092984604,-0.4888542575852486,S
818,0,2,male,0.0980568912748866,0.4327933656785018,0.7676298785983874,0.09664633805084172,C
819,0,3,male,0.9992837843414157,-0.47454519624983954,-0.4736736092984604,-0.5185529211854588,S
820,0,3,male,-1.4790901715915394,2.2474704895351842,2.0089333664952354,-0.08666388103324908,S
821,1,1,female,1.6752039541413126,0.4327933656785018,0.7676298785983874,1.2341715984066093,S
822,1,3,male,-0.2023520730806231,-0.47454519624983954,-0.4736736092984604,-0.47400492578514347,S
823,0,1,male,0.6237725788970286,-0.47454519624983954,-0.4736736092984604,-0.6484216535389205,S
824,1,3,female,-0.2023520730806231,-0.47454519624983954,0.7676298785983874,-0.397241430886295,S
825,0,3,male,-2.079908100302559,3.1548090514635256,0.7676298785983874,0.1506737441786005,S
826,0,3,male,0.14311823592821318,-0.47454519624983954,-0.4736736092984604,-0.5084855775921673,Q
827,0,3,male,-0.7430882089205405,-0.47454519624983954,-0.4736736092984604,0.48910360681684706,S
828,1,2,male,-2.1550103413914363,-0.47454519624983954,2.0089333664952354,0.09664633805084172,C
829,1,3,male,-0.5778632785250103,-0.47454519624983954,-0.4736736092984604,-0.49237782784290063,Q
830,1,1,female,2.426226365030087,-0.47454519624983954,-0.4736736092984604,0.962353321387736,S
831,1,3,female,-1.1035789661471522,0.4327933656785018,-0.4736736092984604,-0.3573908580066095,C
832,1,2,male,-2.1677777223765458,0.4327933656785018,0.7676298785983874,-0.2708962687904854,S
833,0,3,male,-0.7731291053560917,-0.47454519624983954,-0.4736736092984604,-0.5028639729296732,C
834,0,3,male,-0.5027610374361329,-0.47454519624983954,-0.4736736092984604,-0.4902797934380587,S
835,0,3,male,-0.87827224288052,-0.47454519624983954,-0.4736736092984604,-0.48130374989027985,S
836,1,1,female,0.6988748199859061,0.4327933656785018,0.7676298785983874,1.0259447039291216,C
837,0,3,male,-0.6529655196138877,-0.47454519624983954,-0.4736736092984604,-0.47400492578514347,S
838,0,3,male,-0.758108657138316,-0.47454519624983954,-0.4736736092984604,-0.4863374216869257,S
839,1,3,male,0.17315913236376404,-0.47454519624983954,-0.4736736092984604,0.48910360681684706,S
840,1,1,male,-1.2713573727397045,-0.47454519624983954,-0.4736736092984604,-0.05042144409739929,C
841,0,3,male,-0.7280677607027651,-0.47454519624983954,-0.4736736092984604,-0.4888542575852486,S
842,0,2,male,-1.028476725058275,-0.47454519624983954,-0.4736736092984604,-0.43700743807979686,S
843,1,1,female,0.02295465018600918,-0.47454519624983954,-0.4736736092984604,-0.024246350754841113,C
844,0,3,male,0.3609147350859576,-0.47454519624983954,-0.4736736092984604,-0.5188046047752911,C
845,0,3,male,-0.9533744839693974,-0.47454519624983954,-0.4736736092984604,-0.47400492578514347,S
846,0,3,male,0.9241815432525383,-0.47454519624983954,-0.4736736092984604,-0.49640476528021726,S
847,0,3,male,0.939201991470314,6.784163299176891,2.0089333664952354,0.7519458402879414,S
848,0,3,male,0.3984658556303963,-0.47454519624983954,-0.4736736092984604,-0.4894421904510968,C
849,0,2,male,-0.12724983199174567,-0.47454519624983954,0.7676298785983874,0.016023023618325298,S
850,1,1,female,1.3898154380035785,0.4327933656785018,-0.4736736092984604,1.145663540471827,C
851,0,3,male,-1.929703618124804,3.1548090514635256,2.0089333664952354,-0.01870931177853076,S
852,0,3,male,3.327453258096616,-0.47454519624983954,-0.4736736092984604,-0.4918744606632361,S
853,0,3,female,-1.5541924126804167,0.4327933656785018,0.7676298785983874,-0.3414522396297103,C
854,1,1,female,-1.028476725058275,-0.47454519624983954,0.7676298785983874,0.14488502161245778,S
855,0,2,female,1.0743860254302933,0.4327933656785018,-0.4736736092984604,-0.12491978668775715,S
856,1,3,female,-0.87827224288052,-0.47454519624983954,0.7676298785983874,-0.4601623283443675,S
857,1,1,female,1.1494882665191706,0.4327933656785018,0.7676298785983874,2.671117778445337,S
858,1,1,male,1.600101713052435,-0.47454519624983954,-0.4736736092984604,-0.11384570873513637,S
859,1,3,female,-0.4276587963472554,-0.47454519624983954,3.250236854392083,-0.26066180729354516,C
860,0,3,male,0.4435272002837229,-0.47454519624983954,-0.4736736092984604,-0.5028639729296732,C
861,0,3,male,0.8490793021636609,1.340131927606843,-0.4736736092984604,-0.36435544630444866,S
862,0,2,male,-0.6529655196138877,0.4327933656785018,-0.4736736092984604,-0.41687275089321363,S
863,1,1,female,1.374794989785803,-0.47454519624983954,-0.4736736092984604,-0.1263453225405672,S
864,0,3,female,0.8490793021636609,6.784163299176891,2.0089333664952354,0.7519458402879414,S
865,0,2,male,-0.4276587963472554,-0.47454519624983954,-0.4736736092984604,-0.3866707201133388,S
866,1,2,female,0.9241815432525383,-0.47454519624983954,-0.4736736092984604,-0.3866707201133388,S
867,1,2,female,-0.2023520730806231,0.4327933656785018,-0.4736736092984604,-0.3693891181010945,C
868,0,1,male,0.0980568912748866,-0.47454519624983954,-0.4736736092984604,0.3682954836973478,S
869,0,3,male,-0.03712714268509282,-0.47454519624983954,-0.4736736092984604,-0.45714212526638004,S
870,1,3,male,-1.929703618124804,0.4327933656785018,0.7676298785983874,-0.4242561406845337,S
871,0,3,male,-0.27745431416950056,-0.47454519624983954,-0.4736736092984604,-0.4894421904510968,S
872,1,1,female,1.2996927486969254,0.4327933656785018,0.7676298785983874,0.40974072380221066,S
873,0,1,male,0.24826137345264146,-0.47454519624983954,-0.4736736092984604,-0.5477482176060045,S
874,0,3,male,1.2996927486969254,-0.47454519624983954,-0.4736736092984604,-0.46720946885967163,S
875,1,2,female,-0.12724983199174567,0.4327933656785018,-0.4736736092984604,-0.16518916106092355,C
876,1,3,female,-1.1035789661471522,-0.47454519624983954,-0.4736736092984604,-0.5029485386158568,C
877,0,3,male,-0.7280677607027651,-0.47454519624983954,-0.4736736092984604,-0.45017955043725955,S
878,0,3,male,-0.8031700017916426,-0.47454519624983954,-0.4736736092984604,-0.4894421904510968,S
879,0,3,male,-0.5928837267427857,-0.47454519624983954,-0.4736736092984604,-0.4894421904510968,S
880,1,1,female,1.9756129184968223,-0.47454519624983954,0.7676298785983874,1.0259447039291216,C
881,1,2,female,-0.352556555258378,-0.47454519624983954,0.7676298785983874,-0.12491978668775715,S
882,0,3,male,0.24826137345264146,-0.47454519624983954,-0.4736736092984604,-0.4894421904510968,S
883,0,3,female,-0.5778632785250103,-0.47454519624983954,-0.4736736092984604,-0.4366711888037809,S
884,0,2,male,-0.12724983199174567,-0.47454519624983954,-0.4736736092984604,-0.43700743807979686,S
885,0,3,male,-0.352556555258378,-0.47454519624983954,-0.4736736092984604,-0.5064721088735089,S
886,0,3,female,0.6988748199859061,-0.47454519624983954,5.73284383018578,-0.06199888922968463,Q
887,0,2,male,-0.2023520730806231,-0.47454519624983954,-0.4736736092984604,-0.3866707201133388,S
888,1,1,female,-0.8031700017916426,-0.47454519624983954,-0.4736736092984604,-0.04438103794142432,S
889,0,3,female,-0.18733162486284768,0.4327933656785018,2.0089333664952354,-0.17626323901354432,S
890,1,1,male,-0.27745431416950056,-0.47454519624983954,-0.4736736092984604,-0.04438103794142432,C
891,0,3,male,0.17315913236376404,-0.47454519624983954,-0.4736736092984604,-0.49237782784290063,Q
